Drug1,Drug2,Class1,Class2,Median_Drug1_dss,Median_Drug2_dss,Median_dss,median_CI,n,percentSample,Drug1_corr,Drug2_corr,One_driver,Better_combi
Vandetanib,Vemurafenib,Kinase inhibitor,Kinase inhibitor,0.156,0.025,0.592,0.308411215,267,90.63670412,0.33,0.081,FALSE,TRUE
Palbociclib,Ruxolitinib,Apoptotic modulator,Kinase inhibitor,0.104,0.1945,0.805,0.3658804549,422,78.19905213,-0.034,0.099,FALSE,TRUE
Cytarabine,Nutlin-3,Apoptotic modulator,Kinase inhibitor,0.261,0.064,0.778,0.3717294086,264,89.01515152,0.084,-0.12,FALSE,TRUE
Alisertib,Crizotinib,Apoptotic modulator,Kinase inhibitor,0.13,0.2785,0.71,0.4388586957,264,91.66666667,0.22,0.35,FALSE,TRUE
Palbociclib,Venetoclax,Kinase inhibitor,Kinase inhibitor,0.098,0.384,0.882,0.4519230769,233,81.97424893,-0.21,-0.38,FALSE,TRUE
Idelalisib,Ruxolitinib,Apoptotic modulator,Kinase inhibitor,0.2815,0.194,0.898,0.4588659949,300,87.66666667,0.035,0.15,FALSE,TRUE
Sorafenib,Venetoclax,Kinase inhibitor,Kinase inhibitor,0.294,0.39,0.884,0.5680345572,263,76.42585551,0.12,-0.25,FALSE,TRUE
Axitinib,Doramapimod,Kinase inhibitor,Kinase inhibitor,0.242,0.28,0.55,0.6098901099,31,87.09677419,0.42,0.48,FALSE,TRUE
Idelalisib,Palbociclib,Apoptotic modulator,Kinase inhibitor,0.274,0.102,0.494,0.6676470588,415,73.01204819,0.26,0.051,FALSE,TRUE
JQ1,Ruxolitinib,Kinase inhibitor,Kinase inhibitor,0.501,0.2,0.786,0.6769852941,266,84.96240602,0.24,0.15,FALSE,TRUE
Palbociclib,Sorafenib,Apoptotic modulator,Kinase inhibitor,0.094,0.29,0.443,0.6999255466,234,70.08547009,0.39,0.24,FALSE,TRUE
AT 101,Idelalisib,Kinase inhibitor,Kinase inhibitor,0.193,0.2785,0.427,0.7163888889,98,67.34693878,-0.014,0.36,FALSE,TRUE
Ruxolitinib,Venetoclax,Kinase inhibitor,Kinase inhibitor,0.194,0.398,0.714,0.7221052632,439,72.8929385,0.084,0.039,FALSE,TRUE
Birinapant,Quizartinib,Kinase inhibitor,Kinase inhibitor,0.389,0.389,0.698,0.7272093127,184,82.06521739,0.4,0.47,FALSE,TRUE
Doramapimod,Idelalisib,Kinase inhibitor,Kinase inhibitor,0.214,0.238,0.504,0.7358490566,31,80.64516129,0.4,0.23,FALSE,TRUE
Cabozantinib,Ruxolitinib,Kinase inhibitor,Metabolic modifier,0.388,0.201,0.538,0.7420265713,263,70.34220532,0.35,0.24,FALSE,TRUE
Palbociclib,Quizartinib,Kinase inhibitor,Kinase inhibitor,0.104,0.449,0.65,0.7518991724,424,76.88679245,0.12,0.35,FALSE,TRUE
Doramapimod,Motesanib,Kinase inhibitor,Kinase inhibitor,0.194,0.14,0.38,0.7627539741,31,61.29032258,0.47,0.58,TRUE,TRUE
Dasatinib,JQ1,Apoptotic modulator,Chemotherapeutics,0.233,0.436,0.65,0.7818627451,23,82.60869565,0.4,0.69,TRUE,TRUE
Dasatinib,Sirolimus,Differentiating/epigenetic modifier,Kinase inhibitor,0.276,0.408,0.574,0.7863436123,25,80,0.69,0.75,TRUE,TRUE
JQ1,Sorafenib,Differentiating/epigenetic modifier,Kinase inhibitor,0.501,0.29,0.724,0.7865307754,266,73.30827068,0.1,0.47,FALSE,TRUE
Idelalisib,Trametinib,Kinase inhibitor,mTOR inhibitor,0.281,0.606,0.892,0.7866666667,263,84.79087452,0.076,0.3,FALSE,TRUE
JQ1,Palbociclib,Differentiating/epigenetic modifier,Kinase inhibitor,0.504,0.096,0.75,0.7902991453,232,71.98275862,0.33,-0.15,FALSE,TRUE
Doramapimod,Palbociclib,Kinase inhibitor,Kinase inhibitor,0.402,0.104,0.638,0.7908496732,421,66.03325416,0.21,-0.11,FALSE,TRUE
Sirolimus,Trametinib,Apoptotic modulator,Kinase inhibitor,0.408,0.56,0.748,0.7947019868,25,84,0.44,0.83,TRUE,TRUE
Ruxolitinib,Sunitinib,Kinase inhibitor,Kinase inhibitor,0.168,0.269,0.392,0.8,25,68,0.33,0.21,FALSE,TRUE
Dasatinib,Venetoclax,Kinase inhibitor,Kinase inhibitor,0.432,0.39,0.854,0.8030973451,343,72.303207,0.19,-0.16,FALSE,TRUE
JQ1,Venetoclax,Kinase inhibitor,mTOR inhibitor,0.504,0.385,0.813,0.8039215686,240,70.41666667,0.38,-0.37,FALSE,TRUE
Idelalisib,Venetoclax,Kinase inhibitor,Kinase inhibitor,0.274,0.398,0.646,0.8088888889,441,65.30612245,0.033,0.32,FALSE,TRUE
Birabresib,Doramapimod,Apoptotic modulator,Kinase inhibitor,0.586,0.394,0.763,0.8100265677,182,78.02197802,0.38,0.44,FALSE,TRUE
AT 101,Quizartinib,Chemotherapeutics,Differentiating/epigenetic modifier,0.186,0.402,0.54,0.812749004,103,68.93203883,0.19,0.46,FALSE,TRUE
Birinapant,Doramapimod,Differentiating/epigenetic modifier,Kinase inhibitor,0.388,0.396,0.646,0.8153846154,185,74.59459459,0.29,0.51,TRUE,TRUE
AGI combo,Sorafenib,Kinase inhibitor,Other,0.021,0.219,0.356,0.8191489362,25,72,-0.067,0.57,TRUE,TRUE
Cytarabine,Venetoclax,Kinase inhibitor,Kinase inhibitor,0.302,0.379,0.527,0.8217720483,70,70,0.13,0.64,TRUE,TRUE
Palbociclib,Trametinib,Apoptotic modulator,Kinase inhibitor,0.104,0.598,0.81,0.8296460177,417,77.45803357,-0.085,0.45,FALSE,TRUE
Idelalisib,Quizartinib,Apoptotic modulator,Differentiating/epigenetic modifier,0.282,0.503,0.64,0.8337236534,269,68.02973978,-0.034,0.19,FALSE,TRUE
Doramapimod,GW-2580,Kinase inhibitor,Kinase inhibitor,0.218,0.1065,0.3615,0.8350730689,32,65.625,0.5,0.65,TRUE,TRUE
NVP-TAE684,Quizartinib,Differentiating/epigenetic modifier,Kinase inhibitor,0.213,0.4315,0.594,0.8352779246,34,64.70588235,0.39,0.56,TRUE,TRUE
Axitinib,Motesanib,Kinase inhibitor,Kinase inhibitor,0.229,0.13,0.362,0.8373732352,30,66.66666667,0.34,0.57,TRUE,TRUE
Birinapant,Dordaviprone,Apoptotic modulator,Kinase inhibitor,0.29,0.218,0.414,0.8456375839,81,60.49382716,0.37,0.028,FALSE,TRUE
Birinapant,Idelalisib,Apoptotic modulator,Kinase inhibitor,0.388,0.27,0.526,0.8458646617,185,61.62162162,0.47,0.31,FALSE,TRUE
Axitinib,Bosutinib,Kinase inhibitor,Kinase inhibitor,0.286,0.198,0.308,0.8490077653,24,58.33333333,0.64,0.59,TRUE,TRUE
AGI combo,Doramapimod,Kinase inhibitor,Other,0.021,0.33,0.282,0.8514851485,25,60,-0.011,0.65,TRUE,TRUE
Birabresib,Idelalisib,Apoptotic modulator,Kinase inhibitor,0.586,0.27,0.688,0.8522727273,185,71.89189189,0.46,0.43,FALSE,TRUE
Motesanib,Sunitinib,Kinase inhibitor,Kinase inhibitor,0.14,0.165,0.27,0.8539650538,33,54.54545455,0.25,0.44,FALSE,TRUE
AT 101,Bortezomib,Apoptotic modulator,Chemotherapeutics,0.186,0.556,0.674,0.8571428571,103,65.04854369,-0.26,0.23,FALSE,TRUE
Doramapimod,Venetoclax,Apoptotic modulator,Chemotherapeutics,0.398,0.394,0.678,0.8604347826,438,63.01369863,0.16,0.12,FALSE,TRUE
Dasatinib,Doramapimod,Apoptotic modulator,Kinase inhibitor,0.295,0.194,0.442,0.8618181818,31,74.19354839,0.74,0.37,TRUE,TRUE
GW-2580,Motesanib,Kinase inhibitor,Kinase inhibitor,0.106,0.164,0.222,0.87109375,29,44.82758621,0.71,0.72,TRUE,TRUE
Ibrutinib,Venetoclax,Apoptotic modulator,Kinase inhibitor,0.264,0.399,0.577,0.8783783784,514,67.70428016,0.17,0.78,TRUE,TRUE
Telaglenastat,Trametinib,Apoptotic modulator,Chemotherapeutics,0.077,0.537,0.599,0.8805100182,78,60.25641026,0.27,0.56,TRUE,TRUE
Bortezomib,Trametinib,Chemotherapeutics,Kinase inhibitor,0.382,0.56,0.706,0.8815403423,25,72,0.37,0.72,TRUE,TRUE
Birinapant,Trametinib,Differentiating/epigenetic modifier,Kinase inhibitor,0.39,0.576,0.742,0.8830275229,181,71.27071823,0.23,0.58,TRUE,TRUE
Birabresib,Quizartinib,Apoptotic modulator,Kinase inhibitor,0.586,0.389,0.738,0.8841445428,178,72.47191011,0.023,0.19,FALSE,TRUE
Birabresib,Trametinib,Apoptotic modulator,Kinase inhibitor,0.586,0.576,0.794,0.8859060403,179,70.94972067,0.43,0.64,TRUE,TRUE
Nintedanib,Trametinib,Kinase inhibitor,Kinase inhibitor,0.273,0.553,0.714,0.8883917573,24,70.83333333,0.28,0.57,TRUE,TRUE
Cytarabine,Vismodegib,Chemotherapeutics,Other,0.223,0,0.248,0.8918918919,25,64,0.57,0.041,TRUE,TRUE
Axitinib,GW-2580,Kinase inhibitor,Kinase inhibitor,0.24,0.1085,0.219,0.8920216695,32,56.25,0.46,0.35,FALSE,TRUE
Trametinib,Venetoclax,Kinase inhibitor,Kinase inhibitor,0.592,0.386,0.806,0.8929503916,307,66.7752443,-0.12,0.45,FALSE,TRUE
AZD5991,Trametinib,Apoptotic modulator,Kinase inhibitor,0.731,0.537,0.9,0.8975734868,80,72.5,0.27,0.36,FALSE,TRUE
Dasatinib,Idelalisib,Kinase inhibitor,Kinase inhibitor,0.3055,0.231,0.326,0.9043922911,32,62.5,0.74,0.57,TRUE,TRUE
GSK2879552,Quizartinib,Apoptotic modulator,Kinase inhibitor,0,0.38,0.458,0.9110838489,103,61.16504854,0.16,0.46,FALSE,TRUE
Artemisinin,Venetoclax,Apoptotic modulator,Other,0,0.362,0.421,0.9112940311,256,65.234375,0.23,0.89,TRUE,TRUE
Quizartinib,Telaglenastat,Apoptotic modulator,Kinase inhibitor,0.398,0.084,0.448,0.9141630901,79,59.49367089,0.35,0.38,FALSE,TRUE
Birinapant,GW-2580,Apoptotic modulator,Kinase inhibitor,0.378,0.254,0.516,0.9148749777,183,59.01639344,0.39,0.33,FALSE,TRUE
Idelalisib,JQ1,Differentiating/epigenetic modifier,Kinase inhibitor,0.282,0.5,0.612,0.9169054441,261,56.70498084,0.47,0.4,FALSE,TRUE
Birinapant,Ruxolitinib,Differentiating/epigenetic modifier,Kinase inhibitor,0.39,0.168,0.454,0.917963155,185,58.37837838,0.4,0.27,FALSE,TRUE
PH-797804,Venetoclax,Kinase inhibitor,Kinase inhibitor,0.446,0.549,0.706,0.9232595093,94,60.63829787,0.11,0.6,TRUE,TRUE
Panobinostat,Venetoclax,Kinase inhibitor,Kinase inhibitor,0.808,0.364,0.92,0.9266055046,227,70.04405286,0.12,-0.11,FALSE,TRUE
AZD5991,Idelalisib,Apoptotic modulator,Chemotherapeutics,0.738,0.2505,0.837,0.9316059757,78,65.38461538,0.35,0.22,FALSE,TRUE
Bortezomib,Dasatinib,Apoptotic modulator,Kinase inhibitor,0.382,0.276,0.504,0.9398907104,25,56,0.42,0.24,FALSE,TRUE
Quizartinib,Ruxolitinib,Kinase inhibitor,Kinase inhibitor,0.528,0.168,0.632,0.9453781513,25,64,0.41,0.23,FALSE,TRUE
AZD5991,Quizartinib,Differentiating/epigenetic modifier,Kinase inhibitor,0.735,0.397,0.826,0.9466180652,80,62.5,0.22,0.4,FALSE,TRUE
AZD5991,Ruxolitinib,Differentiating/epigenetic modifier,Kinase inhibitor,0.734,0.148,0.788,0.9470198675,81,66.66666667,0.39,0.22,FALSE,TRUE
AGI combo,Idelalisib,Kinase inhibitor,Other,0.0205,0.321,0.32,0.9489144594,24,54.16666667,0.079,0.56,TRUE,TRUE
Doramapimod,Ruxolitinib,Kinase inhibitor,Kinase inhibitor,0.222,0.119,0.312,0.9508595242,33,57.57575758,0.38,0.44,FALSE,TRUE
Birabresib,Ruxolitinib,Differentiating/epigenetic modifier,Kinase inhibitor,0.587,0.171,0.598,0.9527357133,186,56.4516129,0.46,0.29,FALSE,TRUE
Birabresib,GW-2580,Apoptotic modulator,Differentiating/epigenetic modifier,0.586,0.255,0.657,0.9551426426,182,54.3956044,0.38,0.11,FALSE,TRUE
Birinapant,Bortezomib,Kinase inhibitor,Metabolic modifier,0.374,0.605,0.689,0.9565330311,186,60.21505376,-0.022,0.52,TRUE,TRUE
Panobinostat,Ruxolitinib,Differentiating/epigenetic modifier,Kinase inhibitor,0.808,0.202,0.838,0.9600997506,229,62.44541485,0.36,0.072,FALSE,TRUE
AZD5991,Doramapimod,Differentiating/epigenetic modifier,Kinase inhibitor,0.738,0.395,0.811,0.9617698887,78,58.97435897,0.26,0.11,FALSE,TRUE
Birabresib,Bortezomib,Chemotherapeutics,Kinase inhibitor,0.586,0.61,0.728,0.9661458333,183,57.37704918,0.32,0.55,TRUE,TRUE
Dordaviprone,Venetoclax,Apoptotic modulator,Kinase inhibitor,0.22,0.41,0.392,0.982090686,92,52.17391304,0.23,0.68,TRUE,TRUE
Dasatinib,Pazopanib,Kinase inhibitor,Kinase inhibitor,0.325,0.121,0.318,0.9857914945,34,52.94117647,0.68,0.75,TRUE,TRUE
Dasatinib,Trametinib,Apoptotic modulator,Kinase inhibitor,0.276,0.56,0.616,0.9913232104,25,52,0.4,0.72,TRUE,TRUE
AZD5991,Bortezomib,Apoptotic modulator,Kinase inhibitor,0.733,0.789,0.839,0.9940450724,82,53.65853659,0.32,0.49,FALSE,TRUE
Olaparib,Venetoclax,Apoptotic modulator,Differentiating/epigenetic modifier,0,0.411,0.6,1,136,48.52941176,0.038,-0.03,FALSE,FALSE
AT 101,Trametinib,Apoptotic modulator,Kinase inhibitor,0.178,0.658,0.664,1,97,48.45360825,-0.17,0.78,TRUE,FALSE
Azacitidine,Venetoclax,Apoptotic modulator,Differentiating/epigenetic modifier,0.018,0.41,0.426,1,171,47.36842105,0.16,0.61,TRUE,FALSE
Dasatinib,NF-kB Activation Inhibitor,Kinase inhibitor,Kinase inhibitor,0.325,0.166,0.377,1.001706678,32,50,0.52,0.42,TRUE,FALSE
Telaglenastat,Venetoclax,Apoptotic modulator,Metabolic modifier,0.084,0.41,0.366,1.006756757,89,48.31460674,0.23,0.47,FALSE,FALSE
AZD5991,Dordaviprone,Apoptotic modulator,Kinase inhibitor,0.733,0.219,0.726,1.006958331,82,42.68292683,0.56,0.24,TRUE,FALSE
Quizartinib,Venetoclax,Apoptotic modulator,Kinase inhibitor,0.503,0.38,0.578,1.01650165,229,48.90829694,0.27,-0.22,FALSE,FALSE
Olaparib,Trametinib,Differentiating/epigenetic modifier,Kinase inhibitor,0,0.638,0.608,1.017793594,99,49.49494949,0.14,-0.18,FALSE,FALSE
Ibrutinib,Quizartinib,Kinase inhibitor,Kinase inhibitor,0.263,0.4995,0.519,1.020262628,228,48.24561404,0.17,0.2,FALSE,FALSE
Birabresib,Olaparib,Differentiating/epigenetic modifier,Differentiating/epigenetic modifier,0.576,0,0.562,1.020348837,105,48.57142857,0.5,0.055,FALSE,FALSE
AGI combo,Dasatinib,Kinase inhibitor,Other,0.0205,0.2545,0.293,1.021091445,24,45.83333333,0.1,0.8,TRUE,FALSE
Dasatinib,Quizartinib,Kinase inhibitor,Kinase inhibitor,0.312,0.5405,0.595,1.023682956,24,45.83333333,0.29,0.59,TRUE,FALSE
GW-2580,Telaglenastat,Kinase inhibitor,Metabolic modifier,0.229,0.081,0.309,1.026161153,80,47.5,0.23,0.33,FALSE,FALSE
Dasatinib,Vatalanib,Kinase inhibitor,Kinase inhibitor,0.276,0.108,0.41,1.027027027,25,48,0.5,0.088,FALSE,FALSE
Axitinib,KI20227,Kinase inhibitor,Kinase inhibitor,0.242,0.326,0.316,1.03287947,31,35.48387097,0.58,0.57,TRUE,FALSE
Quizartinib,Trametinib,Kinase inhibitor,Kinase inhibitor,0.504,0.605,0.602,1.043487395,262,44.65648855,0.096,-0.24,FALSE,FALSE
AGI combo,Quizartinib,Kinase inhibitor,Other,0.021,0.528,0.458,1.051136364,25,44,0.2,0.74,TRUE,FALSE
Bortezomib,Telaglenastat,Chemotherapeutics,Metabolic modifier,0.784,0.084,0.728,1.052414691,75,33.33333333,0.62,0.13,TRUE,FALSE
GW-2580,Idelalisib,Kinase inhibitor,Kinase inhibitor,0.106,0.224,0.258,1.056338028,31,45.16129032,0.48,0.53,TRUE,FALSE
GSK2879552,Trametinib,Differentiating/epigenetic modifier,Kinase inhibitor,0,0.648,0.6,1.056372549,100,31,-0.00078,0.79,TRUE,FALSE
Bortezomib,Palbociclib,Chemotherapeutics,Kinase inhibitor,0.608,0.106,0.593,1.059915349,182,39.56043956,0.59,-0.047,TRUE,FALSE
Bortezomib,Venetoclax,Apoptotic modulator,Chemotherapeutics,0.608,0.412,0.674,1.065384615,179,37.4301676,0.23,0.35,FALSE,FALSE
Bortezomib,GSK2879552,Chemotherapeutics,Differentiating/epigenetic modifier,0.555,0,0.52,1.069506726,106,40.56603774,0.43,0.24,FALSE,FALSE
Doramapimod,NF-kB Activation Inhibitor,Kinase inhibitor,Kinase inhibitor,0.204,0.191,0.296,1.071428571,32,43.75,0.37,0.3,FALSE,FALSE
Dasatinib,GW-2580,Kinase inhibitor,Kinase inhibitor,0.316,0.107,0.308,1.07183908,33,45.45454545,0.62,0.42,TRUE,FALSE
Foretinib,NVP-TAE684,Kinase inhibitor,Kinase inhibitor,0.466,0.213,0.436,1.0728482,34,41.17647059,0.68,0.42,TRUE,FALSE
Idelalisib,Panobinostat,Differentiating/epigenetic modifier,Kinase inhibitor,0.283,0.808,0.748,1.079012346,225,40,0.25,-0.073,FALSE,FALSE
Doramapimod,Sorafenib,Kinase inhibitor,Kinase inhibitor,0.218,0.2025,0.344,1.082317073,34,44.11764706,0.22,0.6,TRUE,FALSE
GW-2580,Venetoclax,Apoptotic modulator,Kinase inhibitor,0.251,0.411,0.419,1.086956522,174,43.67816092,-0.03,0.2,FALSE,FALSE
Dordaviprone,Palbociclib,Kinase inhibitor,Kinase inhibitor,0.218,0.1,0.216,1.0875,81,40.74074074,0.44,0.3,FALSE,FALSE
Crizotinib,Quizartinib,Kinase inhibitor,Kinase inhibitor,0.243,0.528,0.494,1.096091205,25,44,0.2,0.45,FALSE,FALSE
Midostaurin,NVP-TAE684,Kinase inhibitor,Kinase inhibitor,0.258,0.194,0.228,1.112449799,33,33.33333333,0.32,0.52,TRUE,FALSE
GW-2580,Pazopanib,Kinase inhibitor,Kinase inhibitor,0.107,0.097,0.166,1.121212121,33,33.33333333,0.54,0.58,TRUE,FALSE
Decitabine,Venetoclax,Apoptotic modulator,Differentiating/epigenetic modifier,0.164,0.385,0.37,1.123425355,72,27.77777778,-0.026,0.62,TRUE,FALSE
AZD5991,GW-2580,Apoptotic modulator,Kinase inhibitor,0.734,0.224,0.648,1.163793103,79,26.58227848,0.4,0.0015,FALSE,FALSE
AT 101,Doramapimod,Apoptotic modulator,Kinase inhibitor,0.188,0.407,0.396,1.176860656,98,37.75510204,0.2,0.42,FALSE,FALSE
Dasatinib,Sorafenib,Kinase inhibitor,Kinase inhibitor,0.325,0.2025,0.243,1.180441956,34,26.47058824,0.48,0.57,TRUE,FALSE
Entospletinib,Sorafenib,Kinase inhibitor,Kinase inhibitor,0.322,0.294,0.324,1.188754427,261,40.61302682,0.26,0.23,FALSE,FALSE
GSK2879552,Idelalisib,Differentiating/epigenetic modifier,Kinase inhibitor,0,0.2865,0.239,1.196880919,100,44,0.067,0.26,FALSE,FALSE
Idelalisib,Telaglenastat,Kinase inhibitor,Metabolic modifier,0.2505,0.077,0.236,1.204956015,78,41.02564103,0.52,0.3,TRUE,FALSE
KI20227,Motesanib,Kinase inhibitor,Kinase inhibitor,0.278,0.152,0.266,1.215189873,32,34.375,0.55,0.64,TRUE,FALSE
Doramapimod,Panobinostat,Differentiating/epigenetic modifier,Kinase inhibitor,0.402,0.808,0.614,1.21711402,226,29.20353982,0.3,0.088,FALSE,FALSE
Doramapimod,Telaglenastat,Kinase inhibitor,Metabolic modifier,0.396,0.078,0.322,1.224137931,77,29.87012987,0.6,0.35,TRUE,FALSE
Dasatinib,Ruxolitinib,Kinase inhibitor,Kinase inhibitor,0.325,0.1185,0.26,1.225323149,34,35.29411765,0.67,0.55,TRUE,FALSE
Idelalisib,Midostaurin,Kinase inhibitor,Kinase inhibitor,0.231,0.236,0.241,1.242886179,32,34.375,0.37,0.62,TRUE,FALSE
AGI combo,Crizotinib,Kinase inhibitor,Other,0.027,0.2395,0.148,1.247905028,24,33.33333333,0.38,0.54,TRUE,FALSE
Birabresib,Dordaviprone,Differentiating/epigenetic modifier,Kinase inhibitor,0.64,0.219,0.508,1.248108015,80,22.5,0.41,-0.049,FALSE,FALSE
Midostaurin,Ruxolitinib,Kinase inhibitor,Kinase inhibitor,0.271,0.1185,0.203,1.25203252,34,32.35294118,0.56,0.26,TRUE,FALSE
Doramapimod,GSK2879552,Differentiating/epigenetic modifier,Kinase inhibitor,0.375,0,0.313,1.274811644,102,27.45098039,0.52,0.11,TRUE,FALSE
Palbociclib,Panobinostat,Differentiating/epigenetic modifier,Kinase inhibitor,0.093,0.816,0.569,1.286254935,222,30.63063063,0.14,-0.084,FALSE,FALSE
Birinapant,Olaparib,Apoptotic modulator,Differentiating/epigenetic modifier,0.436,0,0.386,1.289855072,107,38.31775701,0.28,0.075,FALSE,FALSE
JQ1,Trametinib,Differentiating/epigenetic modifier,Kinase inhibitor,0.504,0.625,0.534,1.303896104,234,27.35042735,0.11,0.25,FALSE,FALSE
GW-2580,Palbociclib,Kinase inhibitor,Kinase inhibitor,0.28,0.122,0.242,1.32373054,101,37.62376238,0.094,-0.056,FALSE,FALSE
Azacitidine,Quizartinib,Differentiating/epigenetic modifier,Kinase inhibitor,0,0.4315,0.37,1.333962264,34,26.47058824,-0.15,0.67,TRUE,FALSE
AT 101,Ruxolitinib,Apoptotic modulator,Kinase inhibitor,0.188,0.171,0.215,1.360923754,100,44,-0.3,0.28,FALSE,FALSE
AGI combo,Ruxolitinib,Kinase inhibitor,Other,0.021,0.168,0.136,1.363636364,25,32,0.36,0.47,FALSE,FALSE
GW-2580,KI20227,Kinase inhibitor,Kinase inhibitor,0.1065,0.278,0.19,1.382330827,32,34.375,0.72,0.66,TRUE,FALSE
Midostaurin,Sorafenib,Kinase inhibitor,Kinase inhibitor,0.271,0.2025,0.241,1.392241379,34,14.70588235,0.8,0.61,TRUE,FALSE
Dordaviprone,Telaglenastat,Kinase inhibitor,Metabolic modifier,0.222,0.081,0.15,1.401086957,80,25,-0.039,0.052,FALSE,FALSE
Panobinostat,Sorafenib,Differentiating/epigenetic modifier,Kinase inhibitor,0.806,0.296,0.524,1.407801418,225,20.88888889,-0.092,0.51,TRUE,FALSE
Midostaurin,NF-kB Activation Inhibitor,Kinase inhibitor,Kinase inhibitor,0.236,0.166,0.249,1.432053483,32,18.75,0.55,0.53,TRUE,FALSE
Dasatinib,Midostaurin,Kinase inhibitor,Kinase inhibitor,0.325,0.271,0.288,1.435197564,34,23.52941176,0.55,0.64,TRUE,FALSE
Doramapimod,Midostaurin,Kinase inhibitor,Kinase inhibitor,0.218,0.271,0.247,1.452859232,34,32.35294118,0.17,0.52,TRUE,FALSE
Linifanib,Ruxolitinib,Kinase inhibitor,Kinase inhibitor,0.194,0.118,0.16,1.488549618,33,30.3030303,0.53,0.36,TRUE,FALSE
Doramapimod,JQ1,Differentiating/epigenetic modifier,Kinase inhibitor,0.403,0.504,0.379,1.500996016,240,23.75,0.16,0.07,FALSE,FALSE
AT 101,GW-2580,Apoptotic modulator,Kinase inhibitor,0.185,0.287,0.219,1.514318119,98,38.7755102,-0.14,0.18,FALSE,FALSE
NF-kB Activation Inhibitor,Ruxolitinib,Kinase inhibitor,Kinase inhibitor,0.186,0.119,0.156,1.524271845,33,24.24242424,0.52,0.38,TRUE,FALSE
GSK2879552,GW-2580,Differentiating/epigenetic modifier,Kinase inhibitor,0,0.279,0.219,1.527069684,102,35.29411765,0.23,0.15,FALSE,FALSE
Alisertib,Ruxolitinib,Kinase inhibitor,Kinase inhibitor,0.087,0.1185,0.1,1.547058824,34,29.41176471,0.073,0.46,FALSE,FALSE
Ruxolitinib,Telaglenastat,Kinase inhibitor,Metabolic modifier,0.144,0.078,0.124,1.62745098,79,31.64556962,0.47,0.32,FALSE,FALSE
JQ1,Panobinostat,Differentiating/epigenetic modifier,Differentiating/epigenetic modifier,0.506,0.808,0.477,1.662049261,228,6.578947368,0.34,0.27,FALSE,FALSE
GW-2580,Midostaurin,Kinase inhibitor,Kinase inhibitor,0.107,0.258,0.108,1.740740741,33,24.24242424,0.19,0.53,TRUE,FALSE
Panobinostat,Quizartinib,Differentiating/epigenetic modifier,Kinase inhibitor,0.814,0.492,0.45,1.741444867,225,10.66666667,0.016,0.26,FALSE,FALSE
Alisertib,Midostaurin,Kinase inhibitor,Kinase inhibitor,0.087,0.271,0.172,1.824302955,34,23.52941176,0.14,0.52,TRUE,FALSE
Midostaurin,Pazopanib,Kinase inhibitor,Kinase inhibitor,0.271,0.121,0.137,1.894636556,34,26.47058824,0.58,0.51,TRUE,FALSE
Olaparib,Palbociclib,Differentiating/epigenetic modifier,Kinase inhibitor,0,0.124,0.07,1.971830986,103,39.80582524,0.18,0.071,FALSE,FALSE
GW-2580,Sunitinib,Kinase inhibitor,Kinase inhibitor,0.107,0.165,0.094,2,33,24.24242424,0.51,0.53,TRUE,FALSE
NF-kB Activation Inhibitor,Vemurafenib,Kinase inhibitor,Kinase inhibitor,0.186,0.037,0.035,2.341463415,33,15.15151515,0.57,0.46,TRUE,FALSE
JQ1,Quizartinib,Differentiating/epigenetic modifier,Kinase inhibitor,0.504,0.499,0.194,3.264367816,235,7.659574468,0.021,0.37,FALSE,FALSE
Panobinostat,Trametinib,Differentiating/epigenetic modifier,Kinase inhibitor,0.816,0.66,0.198,3.71571711,224,3.125,-0.029,0.16,FALSE,FALSE
GSK2879552,Ruxolitinib,Differentiating/epigenetic modifier,Kinase inhibitor,0,0.183,0.018,6.394285714,105,21.9047619,-0.094,0.28,FALSE,FALSE
AT 101,Olaparib,Apoptotic modulator,Differentiating/epigenetic modifier,0.193,0,0.024,9.463562753,102,10.78431373,-0.11,0.048,FALSE,FALSE
Azacitidine,Vemurafenib,Differentiating/epigenetic modifier,Kinase inhibitor,0,0.029,0,163,34,14.70588235,0.29,0.37,FALSE,FALSE
GSK2879552,Olaparib,Differentiating/epigenetic modifier,Differentiating/epigenetic modifier,0,0,0,Inf,100,27,0.17,0.18,FALSE,FALSE