Sample_ID,Alisertib,Arsenic Trioxide,Axitinib,Azacitidine,Dasatinib,Doramapimod,Foretinib,GW-2580,Idelalisib,KI20227,Linifanib,Midostaurin,Motesanib,NVP-TAE684,Pazopanib,Quizartinib,Ruxolitinib,Sorafenib,Sunitinib,Vemurafenib,NF-kB Activation Inhibitor,Cabozantinib,Crizotinib,Cytarabine,Entospletinib,Ibrutinib,JQ1,Nutlin-3,Palbociclib,Panobinostat,Trametinib,Vandetanib,Venetoclax,Artemisinin,AT 101,Birabresib,Birinapant,Bortezomib,GSK2879552,Olaparib,AGI combo,Bosutinib,Nintedanib,Sirolimus,Vatalanib,Vismodegib,PH-797804,AZD5991,Dordaviprone,Telaglenastat,Decitabine
C541,,,,,,,,,,,,,,,,,,,,,,,,,,0.16,,,,,,,0.0,0.0,,,,,,,,,,,,,,,,,
C20,0.142,0.074,0.954,0.0,0.362,0.286,0.686,0.142,0.406,0.836,0.056,0.0,0.22,0.0,0.284,0.406,0.169,0.0,0.321,0.0,0.0,,,,,,,,,,,,,,,,,,,,,,,,,,,,,,
S80,0.14,0.0,0.242,0.106,0.334,0.116,0.764,0.233,0.178,0.418,,0.532,0.23,0.434,0.25,0.854,0.195,0.68,0.55,0.08,0.49,,,,,,,,,,,,,,,,,,,,,,,,,,,,,,
S117,0.094,,0.278,,0.638,0.406,,,0.364,,,,,,,0.528,0.32,0.302,0.322,0.199,,0.286,0.299,0.438,0.264,,0.396,0.014,,,0.608,0.148,0.236,,,,,0.524,,,0.0,0.402,0.386,0.537,0.074,0.0,,,,,
S119,0.0,0.0,0.016,0.0,0.076,0.0,0.324,0.0,0.224,0.094,0.292,0.38,0.0,0.112,0.041,0.381,0.0,0.236,0.127,0.0,0.0,,,,,,,,,,,,,,,,,,,,,,,,,,,,,,
S134,0.0,0.0,0.198,0.0,0.183,0.0,0.28,0.08,0.048,0.0,0.262,0.214,0.188,0.15,0.064,0.46,0.106,0.206,0.139,0.086,0.268,,,,,,,,,,,,,,,,,,,,,,,,,,,,,,
S135,0.014,0.0,0.366,0.0,0.316,0.192,0.494,0.106,0.062,0.326,0.258,0.518,0.188,0.322,0.184,0.372,0.312,0.155,0.164,0.05,0.076,,,,,,,,,,,,,,,,,,,,,,,,,,,,,,
C1,0.254,0.0,0.104,0.0,0.357,0.46,0.4,0.0,0.398,0.18,0.062,0.614,0.0,0.294,0.001,0.719,0.093,0.537,0.319,0.001,,,,,,,,,,,,,,,,,,,,,,,,,,,,,,,
S136,0.436,0.192,0.47,0.112,0.759,0.494,0.766,0.246,,0.816,0.124,0.284,0.13,0.554,0.237,0.694,0.344,0.71,0.46,0.336,0.326,,,,,,,,,,,,,,,,,,,,,,,,,,,,,,
S137,0.132,0.0,0.156,0.016,0.167,0.194,0.342,0.058,0.118,0.262,0.094,0.0,0.0,0.324,0.008,0.443,0.054,0.199,0.08,0.045,0.348,,,,,,,,,,,,,,,,,,,,,,,,,,,,,,
S138,0.116,0.0,0.0,0.0,0.247,0.146,0.438,0.208,0.39,0.416,0.232,0.05,0.0,0.346,0.0,0.31,0.034,0.184,0.163,0.0,0.0,,,,,,,,,,,,,,,,,,,,,,,,,,,,,,
S139,0.0,0.0,0.238,0.17,0.034,0.322,0.18,0.268,0.074,0.07,0.194,0.376,0.0,0.0,0.0,0.198,0.152,0.032,0.033,0.0,0.0,,,,,,,,,,,,,,,,,,,,,,,,,,,,,,
S143,0.0,0.0,0.064,0.0,0.352,0.0,0.228,0.0,0.222,0.006,0.26,0.202,0.0,0.0,0.033,0.467,0.247,0.012,0.0,0.021,0.3,,,,,,,,,,,,,,,,,,,,,,,,,,,,,,
S146,0.078,,,,0.005,0.268,,,0.374,,,,,,,0.0,0.0,0.227,,0.0,,0.036,0.014,0.186,0.0,0.0,0.77,0.1,0.024,0.87,0.92,0.0,0.284,,,,,,,,,,,,,,,,,,
C512,,,,,,,,,,,,,,,,,,,,,,,,,,0.0,,,,,,,0.196,,,,,,,,,,,,,,,,,,
S583,0.076,0.0,0.084,0.03,0.0,0.222,0.202,0.0,0.108,0.122,0.098,0.058,0.0,0.26,0.016,0.311,0.118,0.08,0.001,0.069,0.196,,,,,,,,,,,,,,,,,,,,,,,,,,,,,,
S147,0.116,0.002,0.358,0.14,0.688,0.488,0.572,0.37,0.376,0.528,0.39,0.284,0.258,0.33,0.296,0.604,0.184,0.352,0.4,0.047,0.228,,,,,,,,,,,,,,,,,,,,,,,,,,,,,,
C12,0.084,0.0,0.122,0.0,0.406,0.298,0.754,0.137,0.294,0.33,0.456,0.436,0.288,0.348,0.188,0.688,0.0,0.558,0.353,0.014,0.096,,,,,,,,,,,,,,,,,,,,,,,,,,,,,,
C16,0.326,0.012,0.19,0.0,0.0,0.348,0.184,0.001,0.176,0.0,0.248,0.0,0.164,0.0,0.024,0.299,0.0,0.063,0.0,0.0,0.01,,,,,,,,,,,,,,,,,,,,,,,,,,,,,,
C13,0.116,0.066,0.202,0.0,0.398,0.186,0.344,0.15,0.0,0.384,0.186,0.16,0.14,0.188,0.152,0.332,0.238,0.323,0.267,0.037,0.358,,,,,,,,,,,,,,,,,,,,,,,,,,,,,,
S149,0.042,0.0,0.31,0.02,0.18,0.458,0.292,0.048,0.15,0.294,0.112,0.0,0.0,0.0,0.0,0.484,0.08,0.198,0.031,0.0,0.314,,,,,,,,,,,,,,,,,,,,,,,,,,,,,,
S150,0.048,0.0,,0.0,0.0,0.114,0.796,0.002,0.33,0.302,0.646,0.366,0.352,0.268,0.262,0.403,0.0,0.388,0.374,0.086,0.226,,,,,,,,,,,,,,,,,,,,,,,,,,,,,,
S151,0.098,0.0,0.398,0.0,0.096,0.126,0.754,0.035,0.144,0.262,0.652,0.646,0.164,0.334,0.204,0.707,0.05,0.525,0.362,0.123,0.33,,,,,,,,,,,,,,,,,,,,,,,,,,,,,,
S153,0.228,0.096,0.332,0.0,0.201,0.214,0.528,0.186,0.162,0.41,0.648,0.424,0.32,0.0,0.083,0.341,0.201,0.142,0.165,0.0,0.258,,,,,,,,,,,,,,,,,,,,,,,,,,,,,,
S154,0.152,,,,0.616,0.154,,,0.194,,,,,,,0.942,0.226,0.881,,0.027,,0.9,0.339,0.54,0.612,0.516,0.24,0.228,0.582,0.832,0.58,0.412,0.954,0.0,,,,,,,,,,,,,,,,,
S155,0.258,0.038,0.178,0.0,0.196,0.386,0.824,0.107,0.31,0.362,0.126,0.0,0.004,0.0,0.065,0.426,0.126,0.281,0.212,0.0,0.042,,,,,,,,,,,,,,,,,,,,,,,,,,,,,,
C22,0.732,0.23,0.338,0.0,0.354,0.602,0.546,0.0,0.318,0.072,0.054,0.398,0.0,0.418,0.097,0.067,0.833,0.022,0.108,0.0,0.0,,,,,,,,,,,,,,,,,,,,,,,,,,,,,,
C23,0.052,0.0,0.0,0.0,0.004,0.094,0.19,0.0,0.134,0.052,0.038,0.046,0.0,0.0,0.0,0.6,0.106,0.0,0.0,0.0,0.0,,,,,,,,,,,,,,,,,,,,,,,,,,,,,,
C26,0.0,0.204,0.0,0.44,0.783,0.152,0.694,0.45,0.48,0.642,0.518,0.462,0.5,0.468,0.692,0.57,0.277,0.266,0.591,0.226,0.186,,,,,,,,,,,,,,,,,,,,,,,,,,,,,,
C18,0.09,0.0,0.35,0.008,0.474,0.4,0.532,0.346,0.29,0.412,0.31,0.104,,0.156,0.223,0.604,0.275,0.154,0.356,0.087,0.536,,,,,,,,,,,,,,,,,,,,,,,,,,,,,,
S158,0.052,0.0,0.22,0.122,0.454,0.164,0.384,0.097,0.892,0.0,0.17,0.0,0.0,0.0,0.0,0.281,0.0,0.077,0.439,0.0,0.0,,,,,,,,,,,,,,,,,,,,,,,,,,,,,,
S159,0.278,0.178,0.286,0.0,0.203,0.28,0.158,0.11,0.422,0.49,0.0,0.188,0.954,0.232,0.199,0.364,0.24,0.464,0.253,0.326,0.266,,,,,,,,,,,,,,,,,,,,,,,,,,,,,,
S160,0.0,0.0,0.0,0.0,0.005,0.0,0.0,0.0,0.0,0.0,0.0,0.01,0.024,0.0,0.0,0.0,0.0,0.0,0.0,0.0,0.0,,,,,,,,,,,,,,,,,,,,,,,,,,,,,,
S161,0.152,0.0,0.264,0.0,0.458,0.166,0.562,0.269,0.286,0.468,0.354,0.304,0.166,0.194,0.219,0.473,0.095,0.348,0.264,0.109,0.146,,,,,,,,,,,,,,,,,,,,,,,,,,,,,,
S163,0.018,0.0,0.404,0.45,0.746,0.628,0.774,0.417,0.41,0.61,0.376,0.258,0.488,0.342,0.438,0.529,0.057,0.379,0.355,0.0,0.338,,,,,,,,,,,,,,,,,,,,,,,,,,,,,,
C31,0.006,0.0,0.564,0.75,0.64,0.0,0.632,0.0,0.676,0.0,0.056,0.322,0.0,0.426,0.25,0.0,0.119,0.0,0.153,0.082,0.0,,,,,,,,,,,,,,,,,,,,,,,,,,,,,,
S165,0.0,0.0,0.318,0.17,0.295,0.846,0.372,0.273,0.0,0.184,0.546,0.35,0.394,0.07,0.059,0.437,0.263,0.294,0.071,0.11,0.44,,,,,,,,,,,,,,,,,,,,,,,,,,,,,,
S166,0.142,0.204,0.344,0.046,0.606,0.67,0.206,,,0.524,0.0,0.524,0.33,0.312,0.218,0.418,0.048,0.398,0.343,0.539,0.0,,,,,,,,,,,,,,,,,,,,,,,,,,,,,,
S585,0.084,0.0,0.348,0.3,0.446,0.548,0.538,0.223,0.238,0.24,0.174,0.154,0.13,0.112,0.145,0.53,0.146,0.168,0.163,0.0,0.09,,,,,,,,,,,,,,,,,,,,,,,,,,,,,,
S173,0.214,,,,0.209,0.342,,,0.234,,,,,,,0.273,0.191,0.221,,0.054,,0.238,0.33,0.14,0.184,0.438,0.62,0.096,0.128,0.71,0.224,0.092,0.792,,,,,,,,,,,,,,,,,,
S174,0.078,,,,0.276,0.35,,,0.198,,,,,,,0.397,0.13,0.191,,0.0,,0.236,0.231,0.06,0.176,0.118,0.612,0.112,0.0,0.542,0.38,0.046,0.736,,,,,,,,,,,,,,,,,,
C35,0.0,,0.0,,0.091,0.254,,,0.178,,,,,,,0.086,0.395,0.077,0.137,0.086,,0.028,0.153,0.142,0.042,,0.68,0.106,,,0.468,0.0,0.954,,,,,0.136,,,0.056,0.018,0.206,0.188,0.088,0.0,,,,,
S175,,,,,,,,,,,,,,,,,,,,,,,,0.074,,,,0.086,,,,,,,,,,,,,,,,,,,,,,,
S180,0.252,,0.416,,0.451,0.448,,,0.366,,,,,,,0.585,0.366,0.311,0.301,0.102,,0.292,0.284,0.15,0.206,,0.372,0.88,,,0.27,0.214,0.592,,,,,0.338,,,0.02,0.334,0.486,0.344,0.272,0.006,,,,,
S181,0.218,,0.408,,0.599,0.33,,,0.434,,,,,,,0.226,0.499,0.229,0.269,0.028,,0.38,0.446,0.438,0.382,,0.472,0.372,,,0.756,0.244,0.476,,,,,0.244,,,0.234,0.792,0.444,0.458,0.224,0.082,,,,,
S182,0.136,,0.11,,0.01,0.034,,,0.168,,,,,,,0.071,0.052,0.078,0.0,0.0,,0.0,0.074,0.046,0.0,,0.42,0.0,,,0.722,0.0,0.682,,,,,0.446,,,0.0,0.066,0.198,0.052,0.0,0.0,,,,,
S184,0.173,,,,0.563,0.419,,,0.471,,,,,,,0.534666666666667,0.258,0.43,,0.0,,0.52,0.343,0.104,0.364,0.274,0.695,0.047,0.087,0.241,0.447,0.203,0.407,,,,,,,,,,,,,,,,,,
C88,0.522,,,,0.925,0.406,,,0.666,,,,,,,0.737,0.733,0.744,,0.422,,0.728,0.731,0.674,0.7,0.31,0.726,0.004,0.558,0.0,0.954,0.364,0.322,,,,,,,,,,,,,,,,,,
S185,0.002,,0.0,,0.219,0.0,,,0.386,,,,,,,0.368,0.144,0.0,0.132,0.0,,0.0,0.196,0.118,0.0,,0.294,0.042,,,0.0,0.0,0.84,,,,,0.426,,,0.0,0.068,0.046,0.423,0.0,0.0,,,,,
C41,0.0,,0.144,,0.228,0.27,,,0.314,,,,,,,0.435,0.133,0.079,0.064,0.052,,0.09,0.167,0.02,0.084,,0.288,0.0,,,0.314,0.056,0.236,,,,,0.45,,,0.0,0.12,0.174,0.207,0.06,0.0,,,,,
S186,0.418,,0.048,,0.348,0.166,,,0.09,,,,,,,0.412,0.677,0.072,0.437,0.848,,0.444,0.368,0.341,0.236,,0.532,0.058,,,0.0,0.828,0.0,,,,,0.0,,,0.458,0.862,0.516,0.658,0.954,0.04,,,,,
S187,0.11,,0.296,,0.233,0.392,,,0.258,,,,,,,0.073,0.559,0.187,0.092,0.033,,0.06,0.26,0.363,0.13,,0.704,0.002,,,0.914,0.0,0.432,,,,,0.354,,,0.021,0.11,0.064,0.431,0.072,0.0,,,,,
S188,0.042,,,,0.617,0.53,,,0.328,,,,,,,0.908,0.155,0.341,0.453,0.048,,0.598,0.264,0.552,0.062,,0.604,0.245,,,0.702,0.474,0.314,,,,,0.688,,,0.265,0.654,0.448,0.474,0.354,0.0,,,,,
S190,0.174,,0.36,,0.638,0.618,,,0.364,,,,,,,0.773,0.15,0.476,0.377,0.007,,0.518,0.313,0.406,0.2,,0.434,0.098,,,0.616,0.222,0.254,,,,,0.52,,,0.085,0.408,,0.482,0.142,0.022,,,,,
S191,,,,,,,,,,,,,,,,,,,,,,,,,,0.018,,,,,,,0.934,0.218,,,,,,,,,,,,,,,,,
S193,0.094,,0.018,,0.022,0.182,,,0.126,,,,,,,0.695,0.05,0.196,0.127,0.046,,0.334,0.236,0.096,0.076,,0.318,0.111,,,0.08,0.066,0.776,,,,,0.55,,,0.068,0.0,0.292,0.303,0.126,0.0,,,,,
S195,0.092,,0.074,,0.142,0.192,,,0.136,,,,,,,0.835,0.042,0.386,0.542,0.0,,0.538,0.128,0.223,0.396,,0.27,0.193,,,0.584,0.42,0.788,,,,,0.322,,,0.0,0.422,0.514,0.289,0.072,0.0,,,,,
S196,0.092,,0.47,,0.049,0.0,,,0.232,,,,,,,0.553,0.093,0.146,0.108,0.0,,0.262,0.059,0.126,0.0,,0.44,0.194,,,0.56,0.104,0.712,,,,,0.562,,,0.012,0.064,0.254,0.287,0.14,0.0,,,,,
S197,0.038,,0.364,,0.696,0.688,,,0.516,,,,,,,0.726,0.315,0.275,0.273,0.074,,0.57,0.469,0.019,0.212,,0.52,0.0,,,0.674,0.0,0.086,,,,,0.364,,,0.0,0.19,0.214,0.825,0.108,0.0,,,,,
S198,0.12,,0.13,,0.186,0.274,,,0.33,,,,,,,0.555,0.051,0.418,0.187,0.017,,0.308,0.243,0.075,0.166,,0.37,0.283,,,0.29,0.172,0.934,,,,,0.382,,,0.084,0.124,0.514,0.291,0.17,0.0,,,,,
S199,0.2,,0.294,,0.276,0.344,,,0.194,,,,,,,0.45,0.013,0.121,0.079,0.0,,0.252,0.189,0.157,0.044,,0.364,0.123,,,0.382,0.098,0.178,,,,,0.498,,,0.008,0.244,0.236,0.357,0.026,0.0,,,,,
S200,0.246,,0.198,,0.053,0.0,,,0.098,,,,,,,0.308,0.227,0.111,0.034,0.0,,0.252,0.226,0.462,0.16,,0.608,0.1,,,0.76,0.034,0.718,,,,,0.632,,,0.099,0.262,0.064,0.428,0.036,0.0,,,,,
S201,0.102,,,,0.357,0.448,,,0.138,,,,,,,0.37,0.233,0.231,,0.088,,0.34,0.236,0.298,0.31,0.238,0.52,0.128,0.066,0.866,0.58,0.226,0.64,0.0,,,,,,,,,,,,,,,,,
S202,0.036,,,,0.702,0.39,,,0.146,,,,,,,0.0,0.101,0.199,,0.022,,0.462,0.166,0.31,0.52,0.174,0.302,0.106,0.0,0.672,0.806,0.046,0.0,0.0,,,,,,,,,,,,,,,,,
C160,0.022,,,,0.788,0.238,,,0.262,,,,,,,0.358,0.287,0.146,,0.0,,0.278,0.15,0.25,0.66,0.38,0.342,0.0,0.0,0.732,0.802,0.27,0.044,0.0,,,,,,,,,,,,,,,,,
C164,0.012,,,,0.723,0.192,,,0.482,,,,,,,0.417,0.308,0.245,,0.0,,0.44,0.24,0.272,0.64,0.194,0.242,0.0,0.0,0.63,0.684,0.0,0.092,0.0,,,,,,,,,,,,,,,,,
S210,0.374,,0.302,,0.176,0.236,,,0.078,,,,,,,0.586,0.168,0.078,0.211,0.085,,0.624,0.408,0.218,0.306,,0.436,0.088,,,0.48,0.028,0.096,,,,,0.31,,,0.126,0.15,0.172,0.408,0.338,0.0,,,,,
S211,0.184,,0.214,,0.111,0.332,,,0.196,,,,,,,0.503,0.105,0.052,0.0,0.034,,0.04,0.225,0.108,0.082,,0.36,0.0,,,0.168,0.0,0.394,,,,,0.188,,,0.034,0.018,0.088,0.113,0.02,0.0,,,,,
S212,0.138,,0.3,,0.755,0.602,,,0.29,,,,,,,0.508,0.351,0.294,0.368,0.0,,0.436,0.194,0.332,0.184,,0.534,0.038,,,0.852,0.168,0.19,,,,,0.332,,,0.0,0.304,0.562,0.584,0.066,0.0,,,,,
S213,0.112,,0.39,,0.41,0.404,,,0.37,,,,,,,0.826,0.146,0.614,0.56,0.111,,0.56,0.25,0.393,0.242,,0.264,0.294,,,0.498,0.386,0.916,,,,,0.28,,,0.062,0.206,0.698,0.192,0.114,0.0,,,,,
S214,0.0,,0.262,,0.484,0.5,,,0.596,,,,,,,0.673,0.262,0.219,0.372,0.0,,0.314,0.146,0.4,0.006,,0.484,0.054,,,0.546,0.156,0.316,,,,,0.274,,,0.0,0.144,0.458,0.552,0.088,0.0,,,,,
S217,0.186,,0.46,,0.671,0.172,,,0.368,,,,,,,0.633,0.277,0.385,0.336,0.0,,0.67,0.36,0.35,0.234,,0.538,0.065,,,0.604,0.1,0.602,,,,,0.642,,,0.096,0.44,0.44,0.344,0.54,0.0,,,,,
S218,0.288,,0.434,,0.407,0.382,,,0.466,,,,,,,0.338,0.26,0.295,0.56,0.033,,0.504,0.488,0.596,,,0.552,0.121,,,0.706,0.228,0.76,,,,,0.572,,,0.0,0.228,0.206,0.748,0.244,0.066,,,,,
C133,0.234,,,,0.358,0.258,,,0.236,,,,,,,0.499,0.271,0.527,,0.02,,0.52,0.321,0.202,0.29,0.322,0.452,0.136,0.1,0.288,0.42,0.176,0.884,,,,,,,,,,,,,,,,,,
S229,0.076,,,,0.0,0.19,,,0.075,,,,,,,0.49,0.029,0.144,,0.0,,0.238,0.044,0.036,0.142,0.038,0.23,0.18,0.544,0.618,0.224,0.104,0.818,0.0,,,,,,,,,,,,,,,,,
S230,0.076,,,,0.6,0.386,,,0.8,,,,,,,0.659,0.278,0.495,,0.0,,0.568,0.389,0.032,0.47,0.144,0.632,0.06,0.292,0.03,0.738,0.414,0.954,,,,,,,,,,,,,,,,,,
C61,0.074,,,,0.01,0.0,,,0.15,,,,,,,0.072,0.0,0.018,,0.0,,0.184,0.0,0.224,0.0,0.0,0.546,0.0,0.0,0.85,0.88,0.0,0.06,,,,,,,,,,,,,,,,,,
S231,0.06,,,,0.574,0.622,,,0.448,,,,,,,0.681,0.284,0.436,,0.001,,0.65,0.377,0.342,0.378,0.49,0.76,0.114,0.156,0.83,0.782,0.146,0.462,,,,,,,,,,,,,,,,,,
S232,,,,,,,,,,,,,,,,,,,,,,,,,,0.264,,,,,,,0.576,,,,,,,,,,,,,,,,,,
S233,0.198,,,,0.002,0.154,,,0.0,,,,,,,0.207,0.052,0.002,,0.0,,0.22,0.064,0.186,0.316,0.136,0.414,0.096,0.012,0.346,0.0,0.0,0.88,,,,,,,,,,,,,,,,,,
S235,0.254,,,,0.527,0.45,,,0.588,,,,,,,0.446,0.173,0.604,,0.06,,0.524,0.361,0.228,0.402,0.428,0.638,0.064,0.14,0.29,0.606,0.254,0.45,,,,,,,,,,,,,,,,,,
S236,0.048,,,,0.614,0.36,,,0.2,,,,,,,0.522,0.128,0.307,,0.0,,0.452,0.277,0.27,0.382,0.064,0.836,0.016,0.0,0.918,0.856,0.056,0.142,,,,,,,,,,,,,,,,,,
C69,0.0,,,,0.365,0.176,,,0.122,,,,,,,0.297,0.124,0.233,,0.08,,0.46,0.493,0.268,0.726,0.536,0.624,0.156,0.018,0.954,0.536,0.0,0.396,,,,,,,,,,,,,,,,,,
S237,0.04,,,,0.442,0.448,,,0.322,,,,,,,0.721,0.322,0.458,,0.075,,0.75,0.375,0.308,0.518,0.21,0.772,0.0,0.064,0.91,0.364,0.118,0.236,,,,,,,,,,,,,,,,,,
S238,0.172,,,,0.445,0.298,,,0.34,,,,,,,0.492,0.147,0.184,,0.016,,0.364,0.183,0.13,0.562,0.224,0.648,0.0,0.042,0.866,0.834,0.154,0.0,,,,,,,,,,,,,,,,,,
S239,0.0,,,,0.0,0.0,,,0.0,,,,,,,0.09,0.09,0.161,,0.0,,0.534,0.479,0.096,0.508,0.088,0.478,0.164,0.218,0.0,0.398,0.0,0.914,,,,,,,,,,,,,,,,,,
S240,0.14,,,,0.231,0.25,,,0.272,,,,,,,0.688,0.174,0.755,,0.112,,0.738,0.279,0.424,0.496,0.412,0.568,0.156,0.118,0.492,0.63,0.17,0.772,,,,,,,,,,,,,,,,,,
S241,0.13,,,,0.394,0.39,,,0.584,,,,,,,0.403,0.082,0.399,,0.027,,0.414,0.312,0.376,0.484,0.372,0.71,0.036,0.052,0.744,0.654,0.0,0.174,,,,,,,,,,,,,,,,,,
S243,0.116,,,,0.765,0.502,,,0.516,,,,,,,0.91,0.346,0.9,,0.161,,0.88,0.245,0.444,0.38,0.542,0.69,0.148,0.132,0.86,0.696,0.308,0.228,,,,,,,,,,,,,,,,,,
S244,0.17,,,,0.116,0.27,,,0.156,,,,,,,0.35,0.282,0.117,,0.024,,0.092,0.21,0.07,0.214,0.658,0.44,0.0,0.044,0.832,0.3,0.006,0.088,,,,,,,,,,,,,,,,,,
S245,0.006,,,,0.29,0.286,,,0.26,,,,,,,0.409,0.027,0.162,,0.006,,0.23,0.122,0.154,0.194,0.136,0.45,0.04,0.056,0.808,0.434,0.0,0.124,,,,,,,,,,,,,,,,,,
S246,0.0,,,,0.0,0.0,,,0.042,,,,,,,0.0,0.0,0.026,,0.0,,0.0,0.0,0.0,0.0,0.058,0.594,0.0,0.0,0.872,0.412,0.0,0.0,,,,,,,,,,,,,,,,,,
S247,0.102,,,,0.295,0.222,,,0.266,,,,,,,0.309,0.045,0.211,,0.132,,0.232,0.202,0.17,0.112,0.064,0.396,0.082,0.068,0.23,0.106,0.216,0.754,,,,,,,,,,,,,,,,,,
S248,0.204,,,,0.041,0.36,,,0.059,,,,,,,0.195,0.392,0.169,,0.0,,0.066,0.175,0.38,0.11,0.048,0.436,0.056,0.168,0.916,0.724,0.072,0.526,0.0,,,,,,,,,,,,,,,,,
S249,0.136,,,,0.661,0.506,,,0.522,,,,,,,0.644,0.24,0.44,,0.001,,0.388,0.378,0.296,0.288,0.088,0.74,0.03,0.0,0.772,0.784,0.0,0.132,,,,,,,,,,,,,,,,,,
S250,0.126,,,,0.669,0.472,,,0.598,,,,,,,0.596,0.16,0.283,,0.0,,0.43,0.309,0.506,0.222,0.338,0.82,0.074,0.0,0.796,0.76,0.186,0.368,,,,,,,,,,,,,,,,,,
S251,0.126,,,,0.621,0.43,,,0.332,,,,,,,0.811,0.156,0.621,,0.139,,0.702,0.204,0.308,0.35,0.29,0.638,0.156,0.098,0.806,0.612,0.32,0.128,,,,,,,,,,,,,,,,,,
S252,0.072,,,,0.547,0.802,,,0.214,,,,,,,0.48,0.302,0.322,,0.034,,0.43,0.289,0.246,0.228,0.67,0.754,0.0,0.0,0.944,0.67,0.074,0.702,,,,,,,,,,,,,,,,,,
C95,0.09,,,,0.604,0.64,,,0.138,,,,,,,0.489,0.264,0.327,,0.023,,0.312,0.109,0.308,0.306,0.642,0.764,0.034,0.036,0.918,0.916,0.312,0.088,,,,,,,,,,,,,,,,,,
S253,0.374,,,,0.684,0.264,,,0.55,,,,,,,0.942,0.316,0.746,,0.092,,0.702,0.316,0.512,0.466,0.434,0.494,0.154,0.222,0.83,0.75,0.646,0.728,,,,,,,,,,,,,,,,,,
S254,0.038,,,,0.188,0.016,,,0.256,,,,,,,0.418,0.104,0.229,,0.0,,0.214,0.167,0.11,0.162,0.076,0.4,0.052,0.238,0.678,0.426,0.396,0.52,,,,,,,,,,,,,,,,,,
S255,0.132,,,,0.675,0.162,,,0.326,,,,,,,0.609,0.129,0.308,,0.0,,0.538,0.274,0.358,0.32,0.086,0.778,0.148,0.074,0.726,0.812,0.12,0.394,,,,,,,,,,,,,,,,,,
C505,,,,,,,,,,,,,,,,,,,,,,,,,,0.506,,,,,,,0.066,,,,,,,,,,,,,,,,,,
S256,0.19,,,,0.109,0.52,,,0.094,,,,,,,0.438,0.182,0.072,,0.222,,0.01,0.16,0.02,0.172,0.164,0.708,0.13,0.026,0.784,0.156,0.094,0.424,,,,,,,,,,,,,,,,,,
S257,,,,,,,,,,,,,,,,,,,,,,,,,,0.268,,,,,,,0.528,,,,,,,,,,,,,,,,,,
S258,0.258,,,,0.387,0.622,,,0.156,,,,,,,0.32,0.262,0.175,,0.0,,0.252,0.264,0.282,0.242,0.178,0.762,0.032,0.084,0.496,0.552,0.166,0.284,,,,,,,,,,,,,,,,,,
S259,0.296,,,,0.529,0.82,,,0.132,,,,,,,0.37,0.531,0.338,,0.136,,0.536,0.435,0.312,0.574,0.454,0.876,0.232,0.296,0.732,0.684,0.45,0.366,,,,,,,,,,,,,,,,,,
S260,0.246,,,,0.396,0.66,,,0.0,,,,,,,0.417,0.27,0.382,,0.151,,0.686,0.324,0.414,0.412,0.416,0.54,0.0,0.206,0.638,0.538,0.318,0.592,,,,,,,,,,,,,,,,,,
S261,0.154,,,,0.586,0.346,,,0.486,,,,,,,0.795,0.124,0.633,,0.12,,0.54,0.272,0.326,0.372,0.308,0.446,0.118,0.17,0.566,0.404,0.43,0.75,,,,,,,,,,,,,,,,,,
S262,0.082,,,,0.405,0.478,,,0.178,,,,,,,0.363,0.283,0.261,,0.116,,0.202,0.209,0.074,0.268,0.178,0.654,0.0,0.0,0.88,0.342,0.184,0.024,,,,,,,,,,,,,,,,,,
S263,0.226,,,,0.411,0.202,,,0.266,,,,,,,0.0,0.114,0.177,,0.071,,0.188,0.208,0.182,0.318,0.378,0.618,0.0,0.262,0.896,0.698,0.0,0.078,,,,,,,,,,,,,,,,,,
S264,0.224,,,,0.416,0.284,,,0.4,,,,,,,0.592,0.274,0.324,,0.0,,0.332,0.455,0.178,0.294,0.276,0.568,0.0,0.148,0.0,0.686,0.382,0.418,,,,,,,,,,,,,,,,,,
S265,0.188,,,,0.58,0.18,,,0.392,,,,,,,0.605,0.237,0.321,,0.063,,0.418,0.334,0.668,0.528,0.382,0.882,0.172,0.054,0.884,0.676,0.158,0.044,,,,,,,,,,,,,,,,,,
S266,0.094,,,,0.338,0.264,,,0.39,,,,,,,0.511,0.259,0.211,,0.003,,0.274,0.233,0.0,0.174,0.132,0.67,0.0,0.06,0.83,0.154,0.144,0.17,,,,,,,,,,,,,,,,,,
C98,0.102,,,,0.944,0.634,,,0.638,,,,,,,0.687,0.114,0.336,,0.0,,0.598,0.357,0.304,0.294,0.03,0.82,0.054,0.04,0.922,0.904,0.164,0.024,,,,,,,,,,,,,,,,,,
S267,0.056,,,,0.226,0.0,,,0.442,,,,,,,0.666,0.243,0.045,,0.0,,0.454,0.428,0.398,0.246,0.288,0.754,0.068,0.222,0.792,0.892,0.196,0.462,,,,,,,,,,,,,,,,,,
S268,,,,,,,,,,,,,,,,,,,,,,,,,,0.232,,,,,,,0.506,,,,,,,,,,,,,,,,,,
S269,0.304,,,,0.646,0.3,,,0.622,,,,,,,0.779,0.23,0.745,,0.03,,0.764,0.38,0.346,0.518,0.31,0.446,0.288,0.092,0.252,0.536,0.338,0.798,,,,,,,,,,,,,,,,,,
S270,0.37,,,,0.156,0.656,,,0.492,,,,,,,0.798,0.283,0.503,,0.0,,0.954,0.431,0.148,0.354,0.062,0.696,0.166,0.16,0.934,0.694,0.0,0.954,,,,,,,,,,,,,,,,,,
S271,0.02,,,,0.0,0.0,,,,,,,,,,0.326,0.215,0.165,,0.0,,0.11,0.167,0.26,0.0,0.398,0.712,0.288,0.21,0.818,0.724,0.0,0.862,,,,,,,,,,,,,,,,,,
S272,0.178,,,,0.617,0.622,,,0.41,,,,,,,0.548,0.031,0.424,,0.255,,0.414,0.406,0.186,0.0,0.3,0.504,0.0,0.142,0.688,0.47,0.146,0.384,,,,,,,,,,,,,,,,,,
S274,0.092,,,,0.725,0.688,,,0.634,,,,,,,0.563,0.104,0.385,,0.064,,0.396,0.344,0.416,0.336,0.168,0.696,0.092,0.046,0.818,0.694,0.212,0.486,,,,,,,,,,,,,,,,,,
S275,0.11,,,,0.308,0.154,,,0.302,,,,,,,0.364,0.0,0.207,,0.0,,0.204,0.179,0.186,0.12,0.046,0.466,0.044,0.016,0.846,0.462,0.0,0.316,,,,,,,,,,,,,,,,,,
S276,0.068,,,,0.856,0.588,,,0.358,,,,,,,0.664,0.189,0.468,,0.142,,0.486,0.368,0.326,0.43,0.254,0.67,0.0,0.004,0.872,0.772,0.186,0.136,,,,,,,,,,,,,,,,,,
S277,0.0,,,,0.276,0.31,,,0.682,,,,,,,0.205,0.307,0.289,,0.6,,0.274,0.114,0.0,0.0,0.27,0.406,0.0,0.0,0.954,0.91,0.142,0.0,,,,,,,,,,,,,,,,,,
S278,0.056,,,,0.805,0.46,,,0.51,,,,,,,0.801,0.124,0.476,,0.059,,0.554,0.328,0.268,0.35,0.286,0.702,0.024,0.06,0.83,0.788,0.164,0.158,,,,,,,,,,,,,,,,,,
S279,0.204,,,,0.919,0.712,,,0.844,,,,,,,0.63,0.178,0.377,,0.0,,0.232,0.45,0.218,0.432,0.244,0.822,0.006,0.162,0.206,0.548,0.478,0.422,,,,,,,,,,,,,,,,,,
S282,,,,,,,,,,,,,,,,,,,,,,,,,,0.306,,,,,,,0.712,,,,,,,,,,,,,,,,,,
S283,,,,,,,,,,,,,,,,,,,,,,,,,,0.3,,,,,,,0.06,,,,,,,,,,,,,,,,,,
C509,,,,,,,,,,,,,,,,,,,,,,,,,,0.254,,,,,,,0.0,,,,,,,,,,,,,,,,,,
S285,,,,,,,,,,,,,,,,,,,,,,,,,,0.088,,,,,,,0.524,,,,,,,,,,,,,,,,,,
S286,,,,,,,,,,,,,,,,,,,,,,,,,,0.3,,,,,,,0.604,,,,,,,,,,,,,,,,,,
C174,0.046,,,,0.77,0.452,,,0.281,,,,,,,0.661,0.143,0.067,,0.056,,0.328,0.321,0.09,0.464,0.5,0.514,0.014,0.116,0.9,0.754,0.086,0.128,0.04,,,,,,,,,,,,,,,,,
S287,0.224,,,,0.653,0.838,,,0.288,,,,,,,0.666,0.409,0.435,,0.314,,0.442,0.565,0.344,0.3,0.5,0.77,0.0,0.0,0.882,0.668,0.238,0.152,,,,,,,,,,,,,,,,,,
S288,0.182,,,,0.417,0.686,,,0.23,,,,,,,0.384,0.146,0.245,,0.05,,0.388,0.233,0.318,0.452,0.198,0.644,0.09,0.074,0.798,0.582,0.126,0.242,,,,,,,,,,,,,,,,,,
S289,0.112,,,,0.622,0.354,,,0.375,,,,,,,0.336,0.061,0.265,,0.0,,0.414,0.237,0.244,0.26,0.012,0.57,0.076,0.092,0.794,0.764,0.066,0.352,0.0,,,,,,,,,,,,,,,,,
S290,0.37,,,,0.151,0.154,,,0.368,,,,,,,0.685,0.315,0.411,,0.131,,0.37,0.478,0.404,0.396,0.382,0.598,0.182,0.148,0.666,0.552,0.156,0.868,,,,,,,,,,,,,,,,,,
S291,0.392,,,,0.796,0.51,,,0.628,,,,,,,0.586,0.091,0.445,,0.021,,0.524,0.422,0.274,0.436,0.266,0.792,0.04,0.0,0.798,0.708,0.212,0.252,,,,,,,,,,,,,,,,,,
S292,0.126,,,,0.031,0.13,,,0.268,,,,,,,0.202,0.113,0.15,,0.025,,0.118,0.412,0.05,0.272,0.05,0.388,0.048,0.026,0.0,0.122,0.122,0.726,,,,,,,,,,,,,,,,,,
S293,0.094,,,,0.308,0.492,,,0.188,,,,,,,0.477,0.261,0.232,,0.12,,0.334,0.238,0.1,0.332,0.222,0.466,0.0,0.0,0.602,0.212,0.098,0.232,,,,,,,,,,,,,,,,,,
S294,0.236,,,,0.533,0.726,,,0.19,,,,,,,0.243,0.0,0.249,,0.0,,0.23,0.342,0.706,0.374,0.804,0.59,0.0,0.106,0.922,0.906,0.292,0.274,,,,,,,,,,,,,,,,,,
S295,0.058,,,,0.094,0.124,,,0.044,,,,,,,0.224,0.0,0.112,,0.0,,0.176,0.089,0.8,0.08,0.0,0.618,0.698,0.002,0.692,0.684,0.008,0.21,,,,,,,,,,,,,,,,,,
S296,0.302,,,,0.495,0.798,,,0.196,,,,,,,0.311,0.222,0.323,,0.0,,0.416,0.155,0.316,0.312,,0.826,0.022,0.0,0.928,0.878,0.26,0.506,,,,,,,,,,,,,,,,,,
S297,0.102,,,,0.612,0.576,,,0.362,,,,,,,0.302,0.258,0.245,,0.0,,0.44,0.239,0.344,0.5,0.376,0.82,0.0,0.238,0.888,0.55,0.166,0.39,,,,,,,,,,,,,,,,,,
S298,0.302,,,,0.395,0.526,,,0.372,,,,,,,0.325,0.353,0.54,,0.178,,0.608,0.0,0.072,0.356,,0.328,0.086,0.142,0.0,0.508,0.274,0.416,,,,,,,,,,,,,,,,,,
S299,0.312,,,,0.491,0.54,,,0.568,,,,,,,0.583,0.151,0.692,,0.118,,0.65,0.398,0.308,0.344,0.25,0.774,0.046,0.136,0.346,0.514,0.378,0.658,,,,,,,,,,,,,,,,,,
S300,0.466,,,,0.7,0.824,,,0.586,,,,,,,0.771,0.628,0.864,,0.624,,0.796,0.787,0.77,0.718,0.908,0.954,0.172,0.538,0.0,0.7,0.388,0.954,,,,,,,,,,,,,,,,,,
C124,0.056,,,,0.656,0.726,,,0.516,,,,,,,0.584,0.268,0.375,,0.041,,0.446,0.36,0.204,0.518,0.454,0.746,0.0,0.074,0.93,0.558,0.052,0.298,,,,,,,,,,,,,,,,,,
S301,,,,,,,,,,,,,,,,,,,,,,,,,,0.08,,,,,,,0.006,,,,,,,,,,,,,,,,,,
S302,0.156,,,,0.522,0.406,,,0.472,,,,,,,0.453,0.056,0.19,,0.0,,0.314,0.155,0.014,0.302,0.282,0.726,0.026,0.056,0.736,0.578,0.03,0.216,,,,,,,,,,,,,,,,,,
S586,,,,,,,,,,,,,,,,,,,,,,,,,,0.258,,,,,,,0.336,,,,,,,,,,,,,,,,,,
S587,0.048,,,,0.469,0.364,,,0.318,,,,,,,0.576,0.225,0.25,,0.043,,0.464,0.325,0.21,0.524,0.226,0.636,0.03,0.172,,0.324,0.0,0.432,,,,,,,,,,,,,,,,,,
C126,0.244,,,,0.175,0.232,,,0.178,,,,,,,0.416,0.119,0.098,,0.043,,0.132,0.192,0.12,0.162,0.206,0.528,0.012,0.036,0.704,0.352,0.198,0.366,,,,,,,,,,,,,,,,,,
S303,0.16,,,,0.313,0.434,,,0.214,,,,,,,0.503,0.273,0.259,,0.009,,0.218,0.183,0.16,0.21,0.044,0.52,0.03,0.002,0.804,0.372,0.136,0.246,,,,,,,,,,,,,,,,,,
S304,0.268,,,,0.647,0.656,,,0.356,,,,,,,0.688,0.24,0.367,,0.044,,0.578,0.348,0.282,0.35,0.276,0.794,0.0,0.0,0.808,0.672,0.32,0.324,,,,,,,,,,,,,,,,,,
S588,0.126,,,,0.744,0.766,,,0.487,,,,,,,0.414,0.224,0.389,,0.0,,0.486,0.317,0.314,0.29,0.258,0.574,0.0,0.128,0.904,0.754,0.148,0.27,0.09,,,,,,,,,,,,,,,,,
S305,0.14,,,,0.1,0.302,,,0.087,,,,,,,0.492,0.093,0.302,,0.0,,0.186,0.04,0.64,0.184,0.092,0.378,0.618,0.15,0.732,0.446,0.06,0.934,0.0,,,,,,,,,,,,,,,,,
S306,0.032,,,,0.214,0.226,,,0.318,,,,,,,0.386,0.186,0.092,,0.04,,0.148,0.307,0.136,0.294,0.29,0.504,0.0,0.042,0.596,0.068,0.094,0.434,,,,,,,,,,,,,,,,,,
S307,0.082,,,,0.663,0.422,,,0.722,,,,,,,0.491,0.425,0.426,,0.108,,0.74,0.751,0.254,0.438,0.596,0.612,0.0,0.608,0.0,0.56,0.324,0.666,,,,,,,,,,,,,,,,,,
S308,0.0,,,,0.478,0.316,,,0.294,,,,,,,0.585,0.15,0.204,,0.008,,0.326,0.312,0.124,0.306,0.28,0.664,0.028,0.118,0.764,0.458,0.112,0.238,,,,,,,,,,,,,,,,,,
S309,0.11,,,,0.347,0.362,,,0.38,,,,,,,0.49,0.005,0.379,,0.045,,0.448,0.295,0.204,0.322,0.266,0.734,0.094,0.204,0.356,0.624,0.112,0.6,,,,,,,,,,,,,,,,,,
S310,0.18,,,,0.645,0.584,,,0.522,,,,,,,0.603,0.231,0.344,,0.0,,0.416,0.385,0.282,0.518,0.418,0.802,0.0,0.144,0.774,0.708,0.346,0.546,,,,,,,,,,,,,,,,,,
S311,0.074,,,,0.21,0.188,,,0.37,,,,,,,0.578,0.105,0.306,,0.0,,0.404,0.232,0.168,0.266,0.224,0.676,0.05,0.154,0.612,0.596,0.068,0.36,,,,,,,,,,,,,,,,,,
S312,0.37,,,,0.591,0.272,,,0.644,,,,,,,0.886,0.345,0.654,,0.097,,0.82,0.464,0.092,0.746,0.478,0.804,0.04,,0.0,0.342,0.394,0.772,,,,,,,,,,,,,,,,,,
S313,0.21,,,,0.377,0.312,,,0.342,,,,,,,0.708,0.204,0.631,,0.0,,0.636,0.235,0.424,0.396,0.224,0.42,0.114,0.218,0.0,0.398,0.226,0.72,,,,,,,,,,,,,,,,,,
S314,,,,,,,,,,,,,,,,,,,,,,,,,,0.458,,,,,,,0.622,,,,,,,,,,,,,,,,,,
S315,0.124,,,,0.79,0.584,,,0.31,,,,,,,0.451,0.159,0.283,,0.004,,0.454,0.237,0.26,0.182,0.222,0.74,0.0,0.038,0.852,0.744,0.004,0.22,,,,,,,,,,,,,,,,,,
C145,0.42,,,,0.617,0.424,,,0.314,,,,,,,0.376,0.207,0.333,,0.14,,0.548,0.288,0.312,0.734,0.584,0.738,0.0,0.088,0.846,0.724,0.038,0.522,,,,,,,,,,,,,,,,,,
C194,0.304,,,,0.321,0.274,,,0.089,,,,,,,0.677,0.224,0.557,,0.048,,0.68,0.412,0.226,0.0,0.322,0.384,0.172,0.436,,0.334,0.322,0.914,0.0,,,,,,,,,,,,,,,,,
C517,,,,,,,,,,,,,,,,,,,,,,,,,,0.394,,,,,,,0.74,,,,,,,,,,,,,,,,,,
S589,0.0,,,,0.225,0.0,,,0.297,,,,,,,0.361,0.125,0.0,,0.0,,0.122,0.28,0.022,0.304,0.404,0.41,0.028,0.028,0.756,0.358,0.0,0.066,0.036,,,,,,,,,,,,,,,,,
C141,0.12,,,,0.569,0.416,,,0.332,,,,,,,0.535,0.097,0.211,,0.066,,0.362,0.383,0.164,0.292,0.338,0.524,0.006,0.204,0.476,0.6,0.196,0.294,,,,,,,,,,,,,,,,,,
C518,,,,,,,,,,,,,,,,,,,,,,,,,,0.28,,,,,,,0.126,,,,,,,,,,,,,,,,,,
S319,,,,,,,,,,,,,,,,,,,,,,,,,,0.048,,,,,,,0.244,,,,,,,,,,,,,,,,,,
S320,0.048,,,,0.491,0.594,,,0.302,,,,,,,0.552,0.19,0.357,,0.0,,0.304,0.16,0.124,0.202,0.128,0.49,0.0,0.0,0.608,0.598,0.312,0.442,,,,,,,,,,,,,,,,,,
S321,0.028,,,,0.365,0.032,,,0.192,,,,,,,0.28,0.041,0.024,,0.0,,0.032,0.058,0.124,0.354,0.394,0.61,0.016,0.026,0.776,0.86,0.008,0.226,,,,,,,,,,,,,,,,,,
S324,0.044,,,,0.144,0.224,,,0.17,,,,,,,0.267,0.199,0.131,,0.031,,0.242,0.361,0.102,0.274,0.074,0.428,0.08,0.202,0.402,0.236,0.086,0.878,0.0,,,,,,,,,,,,,,,,,
S325,,,,,,,,,,,,,,,,,,,,,,,,,,0.716,,,,,,,0.0,0.0,,,,,,,,,,,,,,,,,
S327,0.252,,,,0.259,0.0,,,0.002,,,,,,,0.644,0.632,0.635,,0.127,,0.954,0.645,0.656,0.904,0.638,0.316,0.312,0.238,0.362,0.862,0.0,0.626,0.0,,,,,,,,,,,,,,,,,
S328,0.316,,,,0.753,0.83,,,0.482,,,,,,,0.698,0.546,0.537,,0.138,,0.608,0.415,0.582,0.574,0.322,0.61,0.072,0.124,0.872,0.764,0.232,0.464,0.0,,,,,,,,,,,,,,,,,
S329,0.204,,,,0.584,0.616,,,0.341,,,,,,,0.678,0.351,0.517,,0.041,,0.466,0.591,0.29,0.586,0.274,0.482,0.086,0.128,0.09,0.626,0.446,0.322,0.036,,,,,,,,,,,,,,,,,
S330,0.02,,,,0.646,0.508,,,0.381,,,,,,,0.473,0.196,0.209,,0.03,,0.426,0.273,0.148,0.5,0.408,0.502,0.056,0.066,0.794,0.742,0.132,0.084,0.0,,,,,,,,,,,,,,,,,
S331,0.11,,,,0.068,0.336,,,0.526,,,,,,,0.74,0.215,0.304,,0.0,,0.382,0.5,0.298,0.34,0.656,0.442,0.174,0.246,0.442,0.508,0.366,0.594,0.008,,,,,,,,,,,,,,,,,
S332,,,,,,,,,,,,,,,,,,,,,,,,,,0.318,,,,,,,0.632,0.168,,,,,,,,,,,,,,,,,
S333,0.072,,,,0.537,0.232,,,0.196,,,,,,,0.493,0.332,0.272,,0.0,,0.46,0.296,0.214,0.402,0.044,0.442,0.054,0.07,0.69,0.7,0.17,0.172,0.0,,,,,,,,,,,,,,,,,
S334,0.028,,,,0.548,0.184,,,0.171,,,,,,,0.434,0.337,0.234,,0.0,,0.37,0.398,0.246,0.244,0.304,0.552,0.064,0.04,0.858,0.808,0.088,0.526,0.0,,,,,,,,,,,,,,,,,
C521,,,,,,,,,,,,,,,,,,,,,,,,,,0.0,,,,,,,0.028,0.0,,,,,,,,,,,,,,,,,
S335,0.122,,,,0.339,0.378,,,0.222,,,,,,,0.436,0.03,0.108,,0.028,,0.23,0.282,0.154,0.27,0.036,0.514,0.026,0.196,0.818,0.362,0.174,0.312,0.0,,,,,,,,,,,,,,,,,
S336,,,,,,,,,,,,,,,,,,,,,,,,,,0.0,,,,,,,0.12,0.0,,,,,,,,,,,,,,,,,
S337,0.416,,,,0.169,0.25,,,0.312,,,,,,,0.25,0.001,0.063,,0.022,,0.102,0.292,0.284,0.09,0.0,0.178,0.128,0.374,0.872,0.216,0.0,0.36,0.0,,,,,,,,,,,,,,,,,
S338,0.272,,,,0.37,0.448,,,0.282,,,,,,,0.91,0.218,0.747,,0.12,,0.842,0.459,0.232,0.54,0.398,0.452,0.218,0.194,0.0,0.48,0.24,0.74,0.0,,,,,,,,,,,,,,,,,
S340,0.154,,,,0.306,0.29,,,0.113,,,,,,,0.255,0.087,0.11,,0.0,,0.292,0.116,0.296,0.186,0.03,0.428,0.094,0.0,0.724,0.696,0.008,0.432,0.0,,,,,,,,,,,,,,,,,
S341,0.134,,,,0.232,0.224,,,0.113,,,,,,,0.29,0.153,0.291,,0.117,,0.34,0.241,0.264,0.26,0.078,0.408,0.112,0.086,0.514,0.336,0.214,0.838,0.0,,,,,,,,,,,,,,,,,
S343,0.076,,,,0.333,0.45,,,0.213,,,,,,,0.45,0.253,0.358,,0.039,,0.228,0.145,0.232,0.236,0.092,0.394,0.058,0.112,0.588,0.452,0.124,0.632,0.0,,,,,,,,,,,,,,,,,
C295,0.074,,,,0.278,0.0,,,0.235,,,,,,,0.33,0.422,0.076,,0.0,,0.188,0.175,0.344,0.24,0.096,0.542,0.136,0.04,0.946,0.802,0.004,0.552,0.0,,,,,,,,,,,,,,,,,
S344,0.138,,,,0.261,0.318,,,0.161,,,,,,,0.449,0.131,0.441,,0.009,,0.438,0.169,0.092,0.214,0.132,0.294,0.13,0.106,0.712,0.35,0.186,0.806,0.0,,,,,,,,,,,,,,,,,
S346,0.052,,,,0.745,0.688,,,0.555,,,,,,,0.654,0.335,0.294,,0.054,,,0.485,0.13,0.4,0.49,0.562,0.0,0.0,0.952,0.764,0.384,0.216,0.106,,,,,,,,,,,,,,,,,
S347,,,,,,,,,,,,,,,,,,,,,,,,,,0.11,,,,,,,0.14,0.0,,,,,,,,,,,,,,,,,
S348,0.012,,,,0.542,0.224,,,0.26,,,,,,,0.589,0.104,0.164,,0.0,,0.376,0.241,0.216,0.244,0.088,0.572,0.008,0.094,0.864,0.752,0.156,0.204,0.018,,,,,,,,,,,,,,,,,
S349,0.07,,,,0.373,0.368,,,0.333,,,,,,,0.476,0.364,0.024,,0.07,,0.332,0.341,0.196,0.406,0.264,0.442,0.0,0.202,0.6,0.3,0.228,0.424,0.0,,,,,,,,,,,,,,,,,
C522,,,,,,,,,,,,,,,,,,,,,,,,,,0.258,,,,,,,0.106,0.0,,,,,,,,,,,,,,,,,
S350,0.04,,,,0.607,0.242,,,0.444,,,,,,,0.4,0.167,0.115,,0.0,,0.406,0.182,0.108,0.296,0.2,0.542,0.054,0.0,0.886,0.756,0.0,0.244,0.0,,,,,,,,,,,,,,,,,
S595,,,,,,,,,,,,,,,,,,,,,,,,,,0.342,,,,,,,0.07,0.032,,,,,,,,,,,,,,,,,
S351,0.148,,,,0.878,0.332,,,0.283,,,,,,,0.677,0.288,0.223,,0.321,,0.624,0.496,0.142,0.532,0.18,0.336,0.0,0.044,0.814,0.394,0.0,0.33,0.082,,,,,,,,,,,,,,,,,
S352,0.0,,,,0.417,0.184,,,0.274,,,,,,,0.508,0.077,0.153,,0.0,,0.268,0.234,0.116,0.208,0.03,0.256,0.048,0.056,0.822,0.372,0.064,0.172,0.0,,,,,,,,,,,,,,,,,
S353,0.04,,,,0.393,0.36,,,0.275,,,,,,,0.422,0.209,0.073,,0.089,,0.24,0.231,0.068,0.0,0.236,0.44,0.016,0.0,0.83,0.288,0.232,0.19,0.0,,,,,,,,,,,,,,,,,
C171,0.042,,,,0.355,0.294,,,0.319,,,,,,,0.531,0.231,0.209,,0.1,,0.378,0.363,0.038,0.376,0.258,0.264,0.072,0.082,,0.036,0.248,0.746,0.0,,,,,,,,,,,,,,,,,
S354,0.082,,,,0.64,0.57,,,0.479,,,,,,,0.706,0.128,0.296,,0.014,,0.41,0.231,0.354,0.418,0.198,0.512,0.088,0.018,0.918,0.666,0.402,0.116,0.0,,,,,,,,,,,,,,,,,
C172,0.026,,,,0.399,0.588,,,0.271,,,,,,,0.499,0.148,0.059,,0.0,,0.172,0.12,0.334,0.298,0.0,0.542,0.0,0.064,0.954,0.888,0.01,0.118,0.0,,,,,,,,,,,,,,,,,
S356,,,,,,,,,,,,,,,,,,,,,,,,,,0.038,,,,,,,0.208,0.0,,,,,,,,,,,,,,,,,
S357,,,,,,,,,,,,,,,,,,,,,,,,,,0.358,,,,,,,0.81,0.022,,,,,,,,,,,,,,,,,
S358,,,,,,,,,,,,,,,,,,,,,,,,,,0.238,,,,,,,0.012,0.0,,,,,,,,,,,,,,,,,
C175,0.014,,,,0.515,0.234,,,0.576,,,,,,,0.443,0.119,0.0,,0.0,,0.206,0.371,0.256,0.37,0.74,0.718,0.04,0.136,0.848,0.816,0.0,0.128,0.0,,,,,,,,,,,,,,,,,
C176,0.148,,,,0.517,0.842,,,0.469,,,,,,,0.46,0.231,0.271,,0.0,,0.384,0.44,0.122,0.39,0.292,0.572,0.142,0.278,0.932,0.848,0.006,0.0,0.0,,,,,,,,,,,,,,,,,
S360,,,,,,,,,,,,,,,,,,,,,,,,,,0.048,,,,,,,0.368,0.0,,,,,,,,,,,,,,,,,
S361,0.044,,,,0.603,0.454,,,0.31,,,,,,,0.371,0.252,0.159,,0.0,,0.404,0.278,0.07,0.338,0.38,0.506,0.0,0.0,0.944,0.772,0.0,0.054,0.0,,,,,,,,,,,,,,,,,
S362,,,,,,,,,,,,,,,,,,,,,,,,,,0.17,,,,,,,0.2,0.0,,,,,,,,,,,,,,,,,
S363,,,,,,,,,,,,,,,,,,,,,,,,,,0.644,,,,,,,0.03,0.0,,,,,,,,,,,,,,,,,
S364,,,,,,,,,,,,,,,,,,,,,,,,,,0.296,,,,,,,0.228,0.0,,,,,,,,,,,,,,,,,
C528,,,,,,,,,,,,,,,,,,,,,,,,,,0.77,,,,,,,0.954,0.302,,,,,,,,,,,,,,,,,
S365,,,,,,,,,,,,,,,,,,,,,,,,,,0.62,,,,,,,0.726,0.346,,,,,,,,,,,,,,,,,
S366,0.928,,,,0.0,0.75,,,0.432,,,,,,,0.647,0.157,0.43,,0.229,,0.208,0.442,0.516,0.0,0.462,0.0,0.042,0.0,0.27,0.818,0.046,0.0,0.804,,,,,,,,,,,,,,,,,
C187,0.166,,,,0.033,0.0,,,0.181,,,,,,,0.426,0.015,0.0,,0.0,,0.01,0.0,0.042,0.154,0.0,0.56,0.0,0.0,0.888,0.838,0.0,0.018,0.0,,,,,,,,,,,,,,,,,
S367,,,,,,,,,,,,,,,,,,,,,,,,,,0.372,,,,,,,0.432,0.1,,,,,,,,,,,,,,,,,
S368,,,,,,,,,,,,,,,,,,,,,,,,,,0.338,,,,,,,0.61,0.326,,,,,,,,,,,,,,,,,
S369,,,,0.582,,0.49,,0.28,0.134,,,,,,,0.497,0.313,,,,,,,,,0.338,,,0.092,,0.0,,0.698,0.232,0.718,0.138,0.866,0.488,0.662,0.224,,,,,,,,,,,
S371,0.672,,,,0.243,0.87,,,0.254,,,,,,,0.592,0.317,0.579,,0.524,,0.0,0.182,0.286,0.0,0.054,0.42,0.084,0.314,,0.748,0.924,0.818,0.942,,,,,,,,,,,,,,,,,
S372,0.954,,,,0.013,0.69,,,0.126,,,,,,,0.612,0.259,0.592,,0.078,,0.0,0.095,0.646,0.016,0.054,0.48,0.762,0.256,0.918,0.782,0.624,0.95,0.954,,,,,,,,,,,,,,,,,
S373,0.168,,,,0.644,0.638,,,0.489,,,,,,,0.49,0.28,0.286,,0.086,,0.412,0.258,0.328,0.396,0.488,0.632,0.102,0.28,0.842,0.67,0.122,0.428,0.0,,,,,,,,,,,,,,,,,
S374,0.166,,,,0.726,0.734,,,0.469,,,,,,,0.625,0.135,0.362,,0.0,,0.666,0.376,0.27,0.344,0.136,0.63,0.0,0.208,0.68,0.718,0.338,0.4,0.154,,,,,,,,,,,,,,,,,
S375,0.032,,,,0.05,0.154,,,0.098,,,,,,,0.298,0.0,0.104,,0.031,,0.162,0.107,0.168,0.106,0.068,0.346,0.136,0.102,0.872,0.0,0.122,0.46,0.0,,,,,,,,,,,,,,,,,
S377,0.144,,,,0.28,0.348,,,0.022,,,,,,,0.781,0.004,0.326,,0.0,,0.366,0.108,0.254,0.338,0.262,0.218,0.214,0.154,0.768,0.574,0.298,0.714,0.0,,,,,,,,,,,,,,,,,
S378,0.096,,,,0.093,0.106,,,0.017,,,,,,,0.723,0.071,0.248,,0.005,,0.376,0.207,0.304,0.33,0.232,0.324,0.618,0.266,0.794,0.534,0.204,0.764,0.0,,,,,,,,,,,,,,,,,
S380,0.24,,,,0.817,0.826,,,0.336,,,,,,,0.378,0.234,0.35,,0.045,,0.684,0.272,0.308,0.656,0.548,0.62,0.0,0.284,0.946,0.92,0.138,0.22,0.0,,,,,,,,,,,,,,,,,
C185,0.328,,,,0.809,0.8,,,0.642,,,,,,,0.379,0.236,0.314,,0.103,,0.622,0.187,0.308,0.658,0.722,0.556,0.0,0.072,0.954,0.936,0.348,0.218,0.0,,,,,,,,,,,,,,,,,
S598,0.0,,,,0.128,0.552,,,0.001,,,,,,,0.343,0.201,0.409,,0.176,,0.134,0.345,0.38,0.328,0.32,0.642,0.0,0.268,0.0,0.358,0.218,0.498,0.342,,,,,,,,,,,,,,,,,
S381,,,,0.222,,0.2,,0.787,0.56,,,,,,,0.791,0.478,,,,,,,,,0.646,,,0.072,,0.382,,0.042,0.072,0.212,0.408,0.5,0.11,0.0,,,,,,,,,,,,
S382,,,,,,,,,,,,,,,,,,,,,,,,,,0.1,,,,,,,0.0,0.0,,,,,,,,,,,,,,,,,
S383,0.136,,,,0.682,0.44,,,0.388,,,,,,,0.514,0.219,0.314,,0.0,,0.522,0.337,0.292,0.33,0.114,0.632,0.062,0.046,0.858,0.774,0.116,0.148,0.0,,,,,,,,,,,,,,,,,
S385,0.204,,,,0.341,0.364,,,0.187,,,,,,,0.774,0.072,0.664,,0.051,,0.664,0.323,0.306,0.33,0.302,0.264,0.198,0.166,0.674,0.488,0.392,0.818,0.0,,,,,,,,,,,,,,,,,
S386,0.028,,,,0.458,0.394,,,0.247,,,,,,,0.532,0.153,0.162,,0.035,,0.364,0.274,0.274,0.606,0.262,0.214,0.0,0.054,0.598,0.296,0.208,0.33,0.0,,,,,,,,,,,,,,,,,
S387,0.292,,,,0.0,0.24,,,0.029,,,,,,,0.105,0.106,0.03,,0.0,,0.046,0.158,0.112,0.138,0.07,0.266,0.0,0.01,0.774,0.076,0.072,0.148,0.008,,,,,,,,,,,,,,,,,
S388,0.034,,,,0.65,0.55,,,0.217,,,,,,,0.586,0.273,0.426,,0.0,,0.456,0.299,0.272,0.376,0.26,0.398,0.106,0.026,,0.538,0.12,0.402,0.0,,,,,,,,,,,,,,,,,
C195,0.17,,,,0.596,0.54,,,0.243,,,,,,,0.545,0.251,0.318,,0.0,,0.344,0.252,0.236,0.526,0.414,0.458,0.006,0.244,0.722,0.714,0.178,0.49,0.202,,,,,,,,,,,,,,,,,
S390,,,,,,,,,,,,,,,,,,,,,,,,,,0.408,,,,,,,0.852,0.0,,,,,,,,,,,,,,,,,
C264,0.352,,,,0.833,0.672,,,0.56,,,,,,,0.711,0.121,0.238,,0.0,,0.754,0.176,0.392,0.41,0.0,0.53,0.0,0.404,0.934,0.892,0.0,,0.17,,,,,,,,,,,,,,,,,
S391,0.11,,,,0.604,0.416,,,0.329,,,,,,,0.723,0.175,0.366,,0.0,,0.592,0.232,0.054,0.442,0.322,0.43,0.058,0.094,0.912,0.754,0.0,0.104,0.0,,,,,,,,,,,,,,,,,
C274,0.194,,,,0.0,0.55,,,0.128,,,,,,,0.54,0.0,0.353,,0.036,,0.414,0.0,0.12,0.604,0.674,0.386,0.162,0.1,0.926,0.584,0.0,0.138,0.0,,,,,,,,,,,,,,,,,
S393,,,,,,,,,,,,,,,,,,,,,,,,,,0.11,,,,,,,0.756,0.224,,,,,,,,,,,,,,,,,
S394,0.168,,,,0.395,0.322,,,0.254,,,,,,,0.344,0.207,0.416,,0.069,,0.378,0.294,0.254,0.312,0.49,0.5,0.252,0.202,0.766,0.324,0.274,0.73,0.024,,,,,,,,,,,,,,,,,
S395,0.198,,,,0.762,0.914,,,0.374,,,,,,,0.542,0.055,0.196,,0.0,,0.528,0.279,0.076,0.36,0.266,0.77,0.124,0.172,0.954,0.848,0.222,0.404,0.144,,,,,,,,,,,,,,,,,
S396,0.294,,,,,,,,0.31,,,,,,,0.44,0.216,0.425,,0.196,,0.332,0.336,,0.478,,,,,,0.774,0.38,,,,,,,,,,,,,,,,,,,
C253,0.008,,,,0.711,0.624,,,0.245,,,,,,,0.687,0.051,0.241,,0.0,,0.386,0.261,0.306,0.288,0.092,0.536,0.0,0.0,0.926,0.276,0.126,0.118,0.0,,,,,,,,,,,,,,,,,
S397,0.078,,,,0.776,0.668,,,0.47,,,,,,,0.565,0.09,0.465,,0.0,,0.478,0.369,0.128,0.364,0.336,0.504,0.074,0.106,,0.774,0.26,0.17,0.0,,,,,,,,,,,,,,,,,
S398,0.14,,,,0.254,0.426,,,0.127,,,,,,,0.309,0.193,0.245,,0.078,,0.256,0.134,0.192,0.4,0.088,0.486,0.096,0.302,0.0,0.242,0.38,0.824,0.166,,,,,,,,,,,,,,,,,
C205,0.046,,,,0.38,0.34,,,0.103,,,,,,,0.369,0.271,0.263,,0.316,,0.138,0.357,0.476,0.296,0.352,0.548,0.352,0.57,0.276,0.336,0.32,0.724,0.228,,,,,,,,,,,,,,,,,
S399,0.254,,,,,,,,0.464,,,,,,,0.51,0.486,0.516,,0.0,,0.504,0.566,,0.58,,,,,,0.758,0.414,,,,,,,,,,,,,,,,,,,
S400,0.344,,,,,,,,0.276,,,,,,,0.749,0.058,0.692,,0.0,,0.648,0.344,,0.382,,,,,,0.36,0.31,,,,,,,,,,,,,,,,,,,
C212,0.224,,,,0.114,0.4,,,0.004,,,,,,,0.809,0.037,0.708,,0.011,,0.642,0.284,0.33,0.32,0.26,0.1,0.132,0.216,0.562,0.468,0.38,0.776,0.0,,,,,,,,,,,,,,,,,
S401,0.248,,,,0.055,,,,0.089,,,,,,,0.209,0.118,0.064,,0.11,,0.314,0.2,0.172,0.338,0.26,0.2,0.066,0.256,0.292,0.72,0.322,0.954,0.384,,,,,,,,,,,,,,,,,
S402,0.014,,,,0.386,0.442,,,0.175,,,,,,,0.444,0.138,0.135,,0.0,,0.222,0.103,0.086,0.244,0.058,0.532,0.098,0.078,0.746,0.582,0.034,0.628,0.0,,,,,,,,,,,,,,,,,
C210,0.1,,,,0.438,0.402,,,0.125,,,,,,,0.465,0.233,0.178,,0.0,,0.25,0.218,0.2,0.172,0.428,0.572,0.318,0.24,0.868,0.592,0.186,0.728,0.182,,,,,,,,,,,,,,,,,
C211,0.05,,,,0.283,0.412,,,0.241,,,,,,,0.355,0.082,0.143,,0.032,,0.352,0.374,0.258,0.22,0.224,0.504,0.068,0.11,0.88,0.558,0.106,0.0,0.0,,,,,,,,,,,,,,,,,
S404,0.146,,,,0.072,0.298,,,0.124,,,,,,,0.285,0.007,0.121,,0.034,,0.07,0.124,0.044,0.168,0.032,0.374,0.066,0.12,0.288,0.014,0.102,0.868,0.0,,,,,,,,,,,,,,,,,
S405,0.084,,,,0.365,0.316,,,0.309,,,,,,,0.417,0.11,0.216,,0.06,,0.242,0.148,0.15,0.39,0.222,0.234,0.11,0.038,0.488,0.286,0.176,0.85,0.054,,,,,,,,,,,,,,,,,
S406,0.088,,,,0.675,0.266,,,0.174,,,,,,,0.723,0.102,0.501,,0.05,,0.468,0.141,0.43,0.27,0.192,0.274,0.08,0.15,0.746,0.762,0.198,0.716,0.0,,,,,,,,,,,,,,,,,
C216,0.092,,,,0.666,0.212,,,0.188,,,,,,,0.654,0.168,0.384,,0.005,,0.47,0.194,0.396,0.27,0.192,0.464,0.078,0.098,0.874,0.758,0.086,0.486,0.0,,,,,,,,,,,,,,,,,
C217,0.084,,,,0.679,0.214,,,0.177,,,,,,,0.628,0.212,0.401,,0.0,,0.388,0.218,0.354,0.288,0.152,0.488,0.074,0.052,0.824,0.78,0.124,0.364,0.0,,,,,,,,,,,,,,,,,
S407,0.058,,,,0.646,0.06,,,0.173,,,,,,,0.712,0.043,0.471,,0.0,,0.464,0.194,0.346,0.23,0.148,0.372,0.348,0.138,0.836,0.7,0.092,0.616,0.0,,,,,,,,,,,,,,,,,
S408,0.022,,,,0.402,0.154,,,0.363,,,,,,,0.272,0.368,0.385,,0.303,,0.0,0.307,0.34,0.0,0.104,0.502,0.064,0.064,0.872,0.318,0.092,0.17,0.0,,,,,,,,,,,,,,,,,
S409,0.24,,,,0.58,0.34,,,0.238,,,,,,,0.55,0.197,0.474,,0.0,,0.444,0.19,0.41,0.258,0.126,0.576,0.224,0.272,0.516,0.514,0.314,0.89,0.0,,,,,,,,,,,,,,,,,
S410,0.262,,,,0.676,0.746,,,0.44,,,,,,,0.635,0.199,0.397,,0.057,,0.518,0.512,0.344,0.44,0.324,0.412,0.0,0.0,0.954,0.786,0.122,0.18,0.242,,,,,,,,,,,,,,,,,
C220,,,,,,,,,,,,,,,,,0.494,,,0.867,,0.258,,0.522,,0.884,0.568,0.0,0.594,0.954,,0.886,0.742,,,,,,,,,,,,,,,,,,
S411,0.146,,,,0.42,0.55,,,0.179,,,,,,,0.432,0.006,0.4,,0.06,,0.238,0.44,0.206,0.398,0.486,0.34,0.06,0.202,,0.456,0.466,0.6,0.35,,,,,,,,,,,,,,,,,
S412,,,,,,,,,,,,,,,,,,,,,,,,,,0.484,,,,,,,0.848,0.0,,,,,,,,,,,,,,,,,
C223,0.488,,,,0.422,0.458,,,0.318,,,,,,,0.571,0.202,0.479,,0.0,,0.448,0.37,0.25,0.392,0.454,0.41,0.106,0.316,0.818,0.59,0.194,0.682,0.0,,,,,,,,,,,,,,,,,
S413,0.23,,,,0.466,0.488,,,0.262,,,,,,,0.539,0.195,0.394,,0.038,,0.372,0.355,0.296,0.294,0.33,0.498,0.05,0.232,0.772,0.514,0.166,0.504,0.152,,,,,,,,,,,,,,,,,
C225,0.146,,,,0.51,0.308,,,0.405,,,,,,,0.421,0.195,0.374,,0.117,,0.362,0.37,0.21,0.41,0.33,0.444,0.09,0.252,,0.164,0.196,0.604,0.098,,,,,,,,,,,,,,,,,
S414,0.316,,,,0.146,0.324,,,0.244,,,,,,,0.458,0.0,0.13,,,,,0.19,0.274,,0.104,0.386,0.14,0.004,,0.308,,0.808,0.0,,,,,,,,,,,,,,,,,
S415,0.11,,,,0.262,0.354,,,0.082,,,,,,,0.505,0.131,0.283,,0.129,,0.222,0.221,0.356,0.21,0.292,0.41,0.36,0.388,0.76,0.328,0.16,0.714,0.0,,,,,,,,,,,,,,,,,
S416,0.03,,,,0.516,0.398,,,0.308,,,,,,,0.526,0.282,0.138,,0.0,,0.264,0.182,0.236,0.426,0.248,0.506,0.0,0.016,0.892,0.726,0.178,0.0,0.0,,,,,,,,,,,,,,,,,
C233,0.0,,,,0.455,0.402,,,0.278,,,,,,,0.637,0.212,0.047,,0.0,,0.162,0.206,0.096,0.348,0.214,0.366,0.03,0.038,0.858,0.702,0.204,0.092,0.0,,,,,,,,,,,,,,,,,
S417,0.242,,,,0.449,0.23,,,0.499,,,,,,,0.204,0.084,0.187,,0.477,,0.258,0.616,0.494,0.468,0.0,0.0,0.452,0.066,0.0,0.906,0.0,0.718,0.086,,,,,,,,,,,,,,,,,
S418,0.2,,,,,,,,0.19,,,,,,,0.652,0.024,0.0,,0.392,,0.06,0.418,,0.31,,,,,,0.362,0.256,,,,,,,,,,,,,,,,,,,
S419,0.362,,,,0.674,0.622,,,0.0,,,,,,,0.766,0.391,0.679,,0.626,,0.79,0.627,0.358,0.818,0.416,0.262,0.0,0.746,0.062,0.414,0.452,0.824,0.416,,,,,,,,,,,,,,,,,
C234,0.106,,,,0.647,0.266,,,0.676,,,,,,,0.753,0.398,0.484,,0.476,,0.562,0.678,0.478,0.628,0.7,0.458,0.118,0.81,0.0,0.198,0.61,0.804,0.0,,,,,,,,,,,,,,,,,
S420,0.214,,,,0.563,0.344,,,0.215,,,,,,,0.898,0.123,0.626,,0.005,,0.81,0.133,0.338,0.482,0.342,0.3,0.234,0.448,0.51,0.576,0.212,0.792,0.0,,,,,,,,,,,,,,,,,
C237,0.03,,,,0.029,0.46,,,0.154,,,,,,,0.219,0.413,0.149,,0.001,,0.044,0.147,0.268,0.184,,0.456,0.166,0.334,,0.506,0.126,0.83,0.0,,,,,,,,,,,,,,,,,
S421,0.13,,,,0.275,0.366,,,0.16,,,,,,,0.341,0.209,0.109,,0.0,,0.202,0.162,0.142,0.218,0.06,0.322,0.058,0.064,0.912,0.214,0.0,0.164,0.0,,,,,,,,,,,,,,,,,
S422,0.024,,,,0.11,0.428,,,0.0,,,,,,,0.399,0.425,0.076,,0.0,,0.222,0.177,0.278,0.126,0.026,0.35,0.0,0.068,0.876,0.492,0.034,0.226,0.0,,,,,,,,,,,,,,,,,
C242,0.5,,,,0.433,0.456,,,0.363,,,,,,,0.576,0.358,0.381,,0.092,,0.462,0.369,0.268,0.276,0.266,0.518,0.064,0.068,0.708,0.408,0.324,0.096,0.0,,,,,,,,,,,,,,,,,
C240,0.012,,,,0.102,0.432,,,0.316,,,,,,,0.375,0.1,0.094,,0.0,,0.212,0.106,0.124,0.124,0.134,0.336,0.0,0.016,0.93,0.864,0.0,0.0,0.0,,,,,,,,,,,,,,,,,
S423,0.508,,,,0.174,0.364,,,0.252,,,,,,,0.146,0.081,0.48,,0.0,,0.218,0.3,0.264,0.132,0.17,0.37,0.0,0.154,0.886,0.864,0.0,0.278,0.0,,,,,,,,,,,,,,,,,
S424,0.156,,,,0.511,0.568,,,0.263,,,,,,,0.386,0.16,0.452,,0.045,,0.43,0.378,0.348,0.232,0.268,0.298,0.166,0.14,0.808,0.524,0.218,0.286,0.084,,,,,,,,,,,,,,,,,
S425,0.032,,,,0.0,0.416,,,0.031,,,,,,,0.04,0.398,0.066,,0.0,,0.006,0.048,0.56,0.012,0.0,0.438,0.194,0.0,0.902,0.928,0.0,0.142,0.0,,,,,,,,,,,,,,,,,
C245,0.148,,,,0.432,0.494,,,0.264,,,,,,,0.548,0.138,0.191,,0.0,,0.302,0.261,0.174,0.314,0.206,0.496,0.06,0.004,0.87,0.672,0.074,0.0,0.036,,,,,,,,,,,,,,,,,
S426,0.136,,,,0.649,0.824,,,0.457,,,,,,,0.709,0.233,0.524,,0.039,,0.608,0.394,0.22,0.358,0.424,0.606,0.272,0.242,0.882,0.752,0.364,0.304,0.088,,,,,,,,,,,,,,,,,
S427,0.158,,,,0.516,0.774,,,0.37,,,,,,,0.258,0.528,0.357,,0.0,,0.53,0.553,0.158,0.0,0.468,0.0,0.0,0.09,0.9,0.674,0.276,0.174,0.29,,,,,,,,,,,,,,,,,
C248,0.216,,,,0.609,0.172,,,0.204,,,,,,,0.94,0.292,0.928,,0.033,,0.954,0.606,0.344,0.47,0.368,0.322,0.154,0.254,0.336,0.484,0.422,0.954,0.0,,,,,,,,,,,,,,,,,
S430,0.18,,,,0.516,0.496,,,0.22,,,,,,,0.603,0.271,0.421,,0.102,,0.54,0.332,0.212,0.298,0.304,0.54,0.166,0.164,0.874,0.566,0.316,0.472,0.0,,,,,,,,,,,,,,,,,
C292,0.056,,,,0.818,0.446,,,0.185,,,,,,,0.485,0.074,0.332,,0.027,,0.416,0.313,0.39,0.182,0.3,0.568,0.122,0.092,0.928,0.862,0.08,0.118,0.0,,,,,,,,,,,,,,,,,
S431,0.004,,,,0.14,0.0,,,0.466,,,,,,,0.743,0.061,0.485,,0.035,,0.6,0.173,0.206,0.246,0.212,0.278,0.144,0.292,0.826,0.162,0.14,0.49,0.0,,,,,,,,,,,,,,,,,
S432,0.606,,,,0.57,0.954,,,0.791,,,,,,,0.851,0.17,0.916,,0.547,,,0.954,0.184,,0.32,0.412,0.054,0.27,0.276,0.896,0.954,0.854,0.954,,,,,,,,,,,,,,,,,
S433,0.04,,,,0.558,0.478,,,0.254,,,,,,,0.569,0.282,0.235,,0.002,,0.334,0.108,0.214,0.254,0.06,0.512,0.336,0.15,0.91,0.746,0.08,0.196,0.0,,,,,,,,,,,,,,,,,
S434,0.052,,,,0.756,0.522,,,0.372,,,,,,,0.69,0.208,0.42,,0.0,,0.52,0.459,0.088,0.328,0.086,0.472,0.04,0.0,0.934,0.776,0.2,0.152,0.012,,,,,,,,,,,,,,,,,
C258,,,,,0.612,0.424,,,0.002,,,,,,,0.5,0.456,0.396,,0.148,,0.4,0.537,0.362,0.308,0.246,0.658,0.14,0.47,0.954,0.444,0.336,0.954,0.0,,,,,,,,,,,,,,,,,
S435,0.108,,,,0.221,0.42,,,0.181,,,,,,,0.546,0.056,0.17,,0.0,,0.108,0.043,0.178,0.17,0.07,0.402,0.05,0.286,,0.182,0.15,0.756,0.0,,,,,,,,,,,,,,,,,
S436,0.066,,,,0.207,0.404,,,0.127,,,,,,,0.42,0.009,0.102,,0.0,,0.14,0.187,0.024,0.084,0.112,0.386,0.0,0.016,0.724,0.172,0.108,0.266,0.0,,,,,,,,,,,,,,,,,
S437,0.056,,,,0.592,0.664,,,0.48,,,,,,,0.136,0.268,0.235,,0.17,,0.214,0.329,0.338,0.638,0.434,0.482,0.112,0.14,0.846,0.87,0.074,0.27,0.0,,,,,,,,,,,,,,,,,
S438,0.25,,,,0.729,0.826,,,0.458,,,,,,,0.248,0.345,0.42,,0.092,,0.624,0.423,0.228,0.476,0.314,0.602,0.0,0.15,0.756,0.85,0.028,0.132,0.104,,,,,,,,,,,,,,,,,
C262,0.282,,,,0.754,0.884,,,0.482,,,,,,,0.658,0.428,0.324,,0.154,,0.48,0.26,0.27,0.482,0.424,0.704,0.0,0.218,0.854,0.706,0.0,0.202,0.0,,,,,,,,,,,,,,,,,
S439,0.182,,,,0.638,0.794,,,0.228,,,,,,,0.455,0.287,0.28,,0.0,,0.516,0.046,0.186,0.37,0.34,0.552,0.048,0.0,0.94,0.824,0.158,0.188,0.014,,,,,,,,,,,,,,,,,
C266,0.29,,,,0.729,0.288,,,0.584,,,,,,,0.476,0.528,0.318,,0.137,,0.73,0.361,0.33,0.888,0.374,0.496,0.196,0.056,0.8,0.15,0.224,0.0,0.016,,,,,,,,,,,,,,,,,
S440,0.176,,,,0.838,0.328,,,0.404,,,,,,,0.798,0.247,0.375,,0.0,,0.452,0.364,0.242,0.378,0.44,0.376,0.048,0.09,0.668,,0.212,0.08,0.0,,,,,,,,,,,,,,,,,
S441,0.21,,,,0.522,0.224,,,0.09,,,,,,,0.877,0.207,0.82,,0.044,,0.818,0.296,0.578,0.554,0.614,0.904,0.672,0.746,,0.4,0.304,0.954,0.0,,,,,,,,,,,,,,,,,
S600,0.038,,,,0.522,0.61,,,0.452,,,,,,,0.608,0.235,0.26,,0.0,,0.408,0.268,0.206,0.57,0.524,0.662,0.0,0.222,0.832,0.596,0.208,0.168,0.0,,,,,,,,,,,,,,,,,
S443,,,,0.0,,0.89,,0.098,0.681,,,,,,,0.514,0.228,,,,,,,,,0.658,,,0.15,,0.796,,0.234,,0.08,0.696,0.332,0.608,0.0,0.0,,,,,,,0.72,,,,
S601,,,,,,,,,,,,,,,,,,,,,,,,,,0.376,,,,,,,0.198,,,,,,,,,,,,,,0.56,,,,
S444,,,,,,,,,,,,,,,,,,,,,,,,,,0.552,,,,,,,0.378,0.306,,,,,,,,,,,,,,,,,
S446,0.118,,,,0.436,0.408,,,0.249,,,,,,,0.616,0.25,0.38,,0.038,,0.254,0.233,0.624,0.336,0.272,0.5,0.288,0.252,0.662,0.432,0.216,0.954,0.0,,,,,,,,,,,,,,,,,
S447,0.274,,,,0.263,0.228,,,0.197,,,,,,,0.769,0.247,0.359,,0.0,,0.442,0.374,0.556,0.446,0.23,0.62,0.456,0.554,0.0,0.6,0.394,0.954,0.37,,,,,,,,,,,,,,,,,
S448,0.168,,,,0.088,0.192,,,0.18,,,,,,,0.46,0.062,0.199,,0.0,,0.102,0.068,0.222,0.108,0.086,0.384,0.0,0.026,0.77,0.75,0.134,0.432,0.0,,,,,,,,,,,,,,,,,
S449,,,,,,,,,,,,,,,,,,,,,,,,,,0.134,,,,,,,0.408,0.0,,,,,,,,,,,,,,,,,
S450,0.432,,,,0.526,0.546,,,0.3,,,,,,,0.523,0.115,0.145,,0.035,,0.238,0.355,0.352,0.216,0.282,0.538,0.052,0.168,0.29,0.56,0.252,0.38,0.222,,,,,,,,,,,,,,,,,
S451,,,,,,,,,,,,,,,,,,,,,,,,,,0.056,,,,,,,0.902,0.204,,,,,,,,,,,,,,,,,
C277,0.036,,,,0.078,0.252,,,0.259,,,,,,,0.411,0.0,0.127,,0.0,,0.28,0.008,0.446,0.118,0.046,0.302,0.376,0.162,0.62,0.636,0.0,0.898,0.092,,,,,,,,,,,,,,,,,
S452,0.0,,,,0.213,0.25,,,0.065,,,,,,,0.487,0.019,0.316,,0.044,,0.254,0.074,0.23,0.192,0.078,0.238,0.218,0.154,0.0,0.232,0.258,0.842,0.0,,,,,,,,,,,,,,,,,
S453,0.008,,,,0.154,0.49,,,0.467,,,,,,,0.302,0.121,0.205,,0.0,,0.398,0.118,0.31,0.33,,0.398,0.0,0.09,0.936,0.836,0.038,0.1,0.0,,,,,,,,,,,,,,,,,
C280,0.014,,,,0.293,0.586,,,0.488,,,,,,,0.355,0.21,0.297,,0.0,,0.32,0.155,0.398,0.44,0.292,0.166,0.116,0.06,0.836,0.768,0.0,0.184,0.0,,,,,,,,,,,,,,,,,
S454,0.0,,,,0.004,0.0,,,0.453,,,,,,,0.303,0.422,0.21,,0.0,,0.178,0.08,0.202,0.14,0.6,0.0,0.0,0.286,0.846,0.816,0.056,0.154,0.0,,,,,,,,,,,,,,,,,
S455,,,,0.0,,0.0,,0.179,0.301,,,,,,,0.201,0.107,,,,,,,,,0.0,,,0.122,,0.726,,0.412,0.0,0.102,0.558,0.868,0.466,0.0,0.0,,,,,,,,,,,
C281,0.208,,,,0.252,0.304,,,0.199,,,,,,,0.442,0.209,0.309,,0.009,,0.226,0.179,0.234,0.172,0.052,0.588,0.0,0.018,0.856,0.182,0.21,0.716,0.0,,,,,,,,,,,,,,,,,
S456,0.196,,,,0.845,0.734,,,0.68,,,,,,,0.757,0.389,0.368,,0.04,,0.746,0.472,0.596,0.568,0.348,0.67,0.16,0.0,0.906,0.67,0.432,0.398,0.0,,,,,,,,,,,,,,,,,
C283,0.05,,,,0.624,0.764,,,0.349,,,,,,,0.565,0.195,0.229,,0.02,,0.584,0.323,0.304,0.364,0.176,0.64,0.236,0.118,0.856,0.414,0.332,0.546,0.0,,,,,,,,,,,,,,,,,
C596,,,,,,,,,,,,,,,,,,,,,,,,,,0.376,,,,,,,0.042,0.624,,,,,,,,,,,,,,,,,
S602,0.37,,,,0.675,0.686,,,0.509,,,,,,,0.449,0.425,0.569,,0.0,,0.558,0.444,0.322,0.452,0.186,0.506,0.0,0.0,0.916,0.686,0.35,0.308,0.218,,,,,,,,,,,,,,,,,
S457,0.13,,,,0.101,0.024,,,0.042,,,,,,,0.383,0.168,0.162,,0.0,,0.462,0.21,0.588,0.626,0.246,0.328,0.424,0.22,0.0,0.304,0.0,0.776,0.0,,,,,,,,,,,,,,,,,
S458,,,,,0.669,0.602,,,0.256,,,,,,,0.529,0.261,0.221,,0.053,,0.3,0.267,0.4,0.552,0.268,0.474,0.068,0.062,0.882,0.782,0.164,0.072,0.01,,,,,,,,,,,,,,,,,
S459,0.16,,,,0.199,0.216,,,0.186,,,,,,,0.525,0.159,0.13,,0.0,,0.238,0.169,0.236,0.354,0.268,0.364,0.072,0.126,,0.258,0.026,0.388,0.0,,,,,,,,,,,,,,,,,
C286,0.172,,,,0.329,0.352,,,0.249,,,,,,,0.423,0.272,0.218,,0.0,,0.334,0.321,0.328,0.42,0.356,0.44,0.0,0.15,0.844,0.39,0.0,0.386,0.0,,,,,,,,,,,,,,,,,
S460,,,,,,,,,,,,,,,,,,,,,,,,,,0.19,,,,,,,0.716,0.086,,,,,,,,,,,,,,,,,
S461,0.21,,,,0.692,0.324,,,0.294,,,,,,,0.432,0.119,0.227,,0.0,,0.398,0.273,0.178,0.304,0.166,0.364,0.0,0.0,0.864,0.776,0.032,0.024,0.0,,,,,,,,,,,,,,,,,
C291,0.088,,,,0.375,0.684,,,0.313,,,,,,,0.479,0.143,0.096,,0.0,,0.286,0.101,0.262,0.466,0.07,0.478,0.018,0.05,0.934,0.846,0.056,0.096,0.0,,,,,,,,,,,,,,,,,
C546,,,,,,,,,,,,,,,,,,,,,,,,,,0.142,,,,,,,0.174,0.0,,,,,,,,,,,,,,,,,
C296,0.334,,,,0.734,0.448,,,0.266,,,,,,,0.631,0.448,0.323,,0.14,,0.854,0.501,0.322,0.92,0.44,0.496,0.064,0.0,0.254,0.814,0.006,0.222,0.0,,,,,,,,,,,,,,,,,
S464,0.0,,,,0.156,0.0,,,0.197,,,,,,,0.283,0.163,0.167,,0.053,,0.34,0.076,0.548,0.358,0.13,0.454,0.386,0.034,0.938,0.22,0.0,0.59,0.0,,,,,,,,,,,,,,,,,
S465,0.196,,,,0.123,0.376,,,0.164,,,,,,,0.192,0.552,0.145,,0.008,,0.086,0.14,0.55,0.088,0.01,0.5,0.234,0.094,0.954,0.954,0.0,0.048,0.0,,,,,,,,,,,,,,,,,
C294,0.018,,,,0.157,0.494,,,0.2,,,,,,,0.53,0.081,0.219,,0.758,,0.238,0.215,0.338,0.182,0.308,0.402,0.0,0.046,0.942,0.93,0.096,0.01,0.0,,,,,,,,,,,,,,,,,
S466,,,,,,,,,,,,,,,,,,,,,,,,,,0.392,,,,,,,0.05,0.0,,,,,,,,,,,,,,,,,
S467,0.502,,,,0.872,0.954,,,0.4,,,,,,,0.853,0.529,0.638,,0.0,,0.634,0.518,0.334,0.638,0.058,0.56,0.042,0.282,0.0,0.906,0.65,0.276,0.394,,,,,,,,,,,,,,,,,
C422,,,,0.0,0.049,0.236,,0.232,0.123,,,,,,,0.386,0.03,,,,,,,,,0.136,,,0.104,,0.0,,0.924,,,0.33,0.262,0.592,,0.0,,,,,,,0.334,0.852,0.238,0.076,
S469,0.406,,,,0.7,0.198,,,0.477,,,,,,,0.627,0.305,0.156,,0.155,,0.408,0.373,0.186,0.612,0.39,0.532,0.014,0.11,0.872,0.892,0.104,0.954,0.062,,,,,,,,,,,,,,,,,
S470,0.124,,,,0.459,0.582,,,0.456,,,,,,,0.467,0.384,0.177,,0.043,,0.262,0.161,0.23,0.344,0.148,0.5,0.178,0.0,0.942,0.832,0.088,0.052,0.0,,,,,,,,,,,,,,,,,
S472,0.134,,,,0.54,0.618,,,0.435,,,,,,,0.569,0.172,0.336,,0.072,,0.676,0.293,0.238,0.334,0.232,0.494,0.084,0.062,0.56,0.678,0.128,0.164,0.0,,,,,,,,,,,,,,,,,
S473,0.248,,,,0.361,0.312,,,0.147,,,,,,,0.854,0.265,0.693,,0.012,,0.834,0.344,0.408,0.526,0.424,0.544,0.27,0.196,0.526,0.684,0.194,0.88,0.0,,,,,,,,,,,,,,,,,
S474,,,,,,,,,,,,,,,,,,,,,,,,,,0.278,,,,,,,0.522,0.088,,,,,,,,,,,,,,,,,
C567,,,,,,,,,,,,,,,,,,,,,,,,,,0.336,,,,,,,0.316,0.0,,,,,,,,,,,,,,,,,
C549,,,,,,,,,,,,,,,,,,,,,,,,,,0.452,,,,,,,0.074,0.0,,,,,,,,,,,,,,,,,
S475,0.056,,,,0.558,0.422,,,0.163,,,,,,,0.616,0.279,0.545,,0.329,,0.418,0.448,0.252,0.496,0.484,0.646,0.266,0.254,0.926,0.524,0.16,0.5,0.0,,,,,,,,,,,,,,,,,
C550,,,,,,,,,,,,,,,,,,,,,,,,,,0.166,,,,,,,0.954,0.0,,,,,,,,,,,,,,,,,
C304,0.232,,,,0.584,0.602,,,0.434,,,,,,,0.6,0.403,0.355,,0.435,,0.568,0.279,0.322,0.458,0.564,0.458,0.038,0.0,0.926,0.852,0.548,0.054,0.116,,,,,,,,,,,,,,,,,
S477,0.066,,,,0.628,0.356,,,0.446,,,,,,,0.826,0.226,0.626,,0.0,,0.67,0.279,0.238,0.362,0.216,0.332,0.194,0.352,0.66,0.618,0.372,0.844,0.16,,,,,,,,,,,,,,,,,
S478,,,,,,,,,,,,,,,,,,,,,,,,,,0.12,,,,,,,0.296,0.0,,,,,,,,,,,,,,,,,
S479,0.198,,,,0.47,0.77,,,0.306,,,,,,,0.356,0.373,0.339,,0.114,,0.336,0.305,0.434,0.486,0.314,0.456,0.082,0.014,0.952,0.816,0.036,0.0,0.0,,,,,,,,,,,,,,,,,
S480,,,,,,,,,,,,,,,,,,,,,,,,,,0.19,,,,,,,0.0,0.026,,,,,,,,,,,,,,,,,
S481,,,,,,,,,,,,,,,,,,,,,,,,,,0.186,,,,,,,0.732,0.304,,,,,,,,,,,,,,,,,
S482,,,,,,,,,,,,,,,,,,,,,,,,,,0.63,,,,,,,0.178,0.162,,,,,,,,,,,,,,,,,
S483,0.0,,,,0.059,0.054,,,0.437,,,,,,,0.188,0.315,0.216,,0.321,,0.954,0.762,0.606,0.868,0.906,0.138,0.824,0.0,0.954,0.29,0.064,,0.0,,,,,,,,,,,,,,,,,
C555,,,,,,,,,,,,,,,,,,,,,,,,,,0.054,,,,,,,0.884,0.1,,,,,,,,,,,,,,,,,
C556,,,,,,,,,,,,,,,,,,,,,,,,,,0.418,,,,,,,0.174,0.0,,,,,,,,,,,,,,,,,
S485,,,,,,,,,,,,,,,,,,,,,,,,,,0.468,,,,,,,0.76,0.0,,,,,,,,,,,,,,,,,
S486,,,,,,,,,,,,,,,,,,,,,,,,,,0.288,,,,,,,0.36,0.462,,,,,,,,,,,,,,,,,
S487,,,,,,,,,,,,,,,,,,,,,,,,,,0.0,,,,,,,0.124,0.0,,,,,,,,,,,,,,,,,
S488,,,,,,,,,,,,,,,,,,,,,,,,,,0.724,,,,,,,0.186,0.0,,,,,,,,,,,,,,,,,
C561,,,,,,,,,,,,,,,,,,,,,,,,,,0.176,,,,,,,0.312,0.0,,,,,,,,,,,,,,,,,
C562,,,,,,,,,,,,,,,,,,,,,,,,,,0.348,,,,,,,0.266,0.0,,,,,,,,,,,,,,,,,
S489,,,,,,,,,,,,,,,,,,,,,,,,,,0.466,,,,,,,0.122,0.248,,,,,,,,,,,,,,,,,
C564,,,,,,,,,,,,,,,,,,,,,,,,,,0.236,,,,,,,0.0,0.462,,,,,,,,,,,,,,,,,
S490,,,,,,,,,,,,,,,,,,,,,,,,,,0.188,,,,,,,0.594,0.0,,,,,,,,,,,,,,,,,
S491,,,,,,,,,,,,,,,,,,,,,,,,,,0.428,,,,,,,0.358,0.28,,,,,,,,,,,,,,,,,
S492,,,,,,0.44,,0.471,0.192,,,,,,,0.855,0.302,,,,,,,,,0.954,,,0.378,,0.496,,0.638,0.256,0.348,0.386,0.442,0.454,0.0,0.0,,,,,,,,,,,
S493,,,,,,,,,,,,,,,,,,,,,,,,,,0.29,,,,,,,0.5,0.656,,,,,,,,,,,,,,,,,
C310,,,,0.042,,0.37,,0.139,0.355,,,,,,,0.293,0.02,,,,,,,,,0.0,,,0.0,,0.894,,0.214,0.0,0.184,0.656,0.656,0.652,0.072,0.0,,,,,,,,,,,
S603,,,,,,,,,,,,,,,,,,,,,,,,,,0.0,,,,,,,0.162,0.0,,,,,,,,,,,,,,,,,
S494,,,,0.218,,0.492,,0.365,0.167,,,,,,,0.415,0.32,,,,,,,,,0.158,,,0.058,,0.394,,0.32,0.124,0.076,0.386,0.404,0.4,0.0,0.012,,,,,,,,,,,
S495,,,,0.0,,0.0,,0.0,0.375,,,,,,,0.0,0.051,,,,,,,,,0.0,,,0.0,,0.744,,0.522,0.0,,0.376,0.832,0.608,0.364,0.292,,,,,,,,,,,
S496,,,,0.0,,0.676,,0.396,0.384,,,,,,,0.529,0.242,,,,,,,,,0.676,,,0.0,,0.918,,0.04,0.0,0.054,0.798,0.642,0.818,0.05,0.0,,,,,,,,,,,
C315,,,,0.0,,0.642,,0.198,0.397,,,,,,,0.445,0.453,,,,,,,,,0.398,,,0.152,,0.936,,0.05,0.0,0.002,0.714,0.356,0.742,0.0,0.0,,,,,,,,,,,
S497,,,,0.056,,0.222,,0.06,0.287,,,,,,,0.436,0.166,,,,,,,,,0.298,,,0.274,,0.012,,0.584,0.006,0.078,0.508,0.32,0.338,0.0,0.0,,,,,,,,,,,
S498,,,,0.138,,0.36,,0.561,0.274,,,,,,,0.483,0.324,,,,,,,,,0.35,,,0.426,,0.382,,0.806,0.0,,0.296,0.436,0.522,0.19,0.0,,,,,,,,,,,
S500,,,,0.0,,0.14,,0.097,0.288,,,,,,,0.562,0.133,,,,,,,,,0.27,,,0.162,,0.246,,0.736,0.0,0.246,0.55,0.336,0.572,0.474,0.0,,,,,,,,,,,
C321,,,,0.198,,0.49,,0.392,0.263,,,,,,,0.444,0.245,,,,,,,,,0.354,,,0.124,,0.616,,0.32,0.07,0.186,0.582,0.562,0.504,0.0,0.122,,,,,,,,,,,
S501,,,,0.222,,0.368,,0.266,0.209,,,,,,,0.191,0.183,,,,,,,,,0.224,,,0.186,,0.528,,0.092,0.002,0.21,0.518,0.378,0.466,0.016,0.0,,,,,,,,,,,
S502,,,,0.0,,0.59,,0.172,0.353,,,,,,,0.554,0.124,,,,,,,,,0.21,,,0.088,,0.076,,0.25,0.256,0.092,0.328,0.578,0.512,0.0,0.0,,,,,,,,,,,
S503,,,,0.0,,0.892,,0.7,0.771,,,,,,,0.283,0.204,,,,,,,,,0.26,,,0.17,,0.562,,0.0,0.0,0.4,0.706,0.646,0.954,0.076,0.158,,,,,,,,,,,
S504,,,,0.0,,0.0,,0.16,0.394,,,,,,,0.362,0.063,,,,,,,,,0.022,,,0.058,,0.51,,0.422,0.0,0.218,0.582,0.67,0.334,0.0,0.166,,,,,,,,,,,
C324,,,,0.128,,0.112,,0.271,0.504,,,,,,,0.433,0.19,,,,,,,,,0.264,,,0.138,,0.59,,0.582,0.004,0.144,0.68,0.722,0.35,0.082,0.0,,,,,,,,,,,
S505,,,,,,,,,,,,,,,,,,,,,,,,,,0.038,,,,,,,0.374,0.07,,,,,,,,,,,,,,,,,
S506,,,,0.184,,0.416,,0.263,0.157,,,,,,,0.554,0.279,,,,,,,,,0.248,,,0.166,,0.27,,0.954,0.292,0.0,0.096,0.358,0.098,0.0,0.012,,,,,,,,,,,
S507,,,,0.226,,0.31,,0.278,0.27,,,,,,,0.705,0.25,,,,,,,,,0.344,,,0.166,,0.51,,0.832,0.0,0.362,0.378,0.476,0.564,0.312,0.174,,,,,,,,,,,
S606,,,,,,,,,,,,,,,,,,,,,,,,,,0.502,,,,,,,0.432,0.088,,,,,,,,,,,,,,,,,
S607,,,,0.0,,0.252,,0.021,0.219,,,,,,,0.614,0.073,,,,,,,,,0.092,,,0.0,,0.048,,0.132,0.0,0.19,0.362,0.71,0.462,0.0,0.0,,,,,,,,,,,
C328,,,,0.0,,0.326,,0.095,0.307,,,,,,,0.632,0.293,,,,,,,,,0.276,,,0.108,,0.184,,0.186,0.0,,0.49,0.8,0.432,0.0,0.0,,,,,,,,,,,
S509,,,,0.098,,0.368,,0.45,0.589,,,,,,,0.543,0.343,,,,,,,,,0.318,,,0.114,,0.946,,0.18,0.0,0.268,0.674,0.748,0.63,0.1,0.0,,,,,,,,,,,
S510,,,,0.154,,0.258,,0.149,0.118,,,,,,,0.438,0.296,,,,,,,,,0.278,,,0.186,,0.352,,0.592,0.0,0.266,0.586,0.542,0.546,0.0,0.0,,,,,,,,,,,
S511,,,,0.208,,0.476,,0.411,0.331,,,,,,,0.608,0.322,,,,,,,,,0.304,,,0.334,,0.67,,0.788,0.158,0.216,0.71,0.774,0.424,0.0,0.028,,,,,,,,,,,
S512,,,,,,,,,,,,,,,,,,,,,,,,,,0.696,,,,,,,0.526,0.63,,,,,,,,,,,,,,,,,
S513,,,,0.0,,0.552,,0.242,0.373,,,,,,,0.408,0.066,,,,,,,,,0.294,,,,,0.954,,0.782,,0.118,0.792,0.418,0.672,0.092,0.0,,,,,,,0.648,,,,
C577,,,,,,,,,,,,,,,,,,,,,,,,,,0.218,,,,,,,0.662,,,,,,,,,,,,,,0.666,,,,
C372,,,,0.0,,0.574,,0.192,0.502,,,,,,,0.378,0.234,,,,,,,,,0.284,,,0.2,,0.924,,0.554,,0.086,0.832,0.152,0.516,0.058,0.22,,,,,,,0.64,,,,
S514,,,,0.0,,0.192,,0.064,0.002,,,,,,,0.425,0.202,,,,,,,,,0.244,,,0.222,,0.254,,0.888,0.03,0.232,0.252,0.222,0.338,0.216,0.0,,,,,,,,,,,
C335,,,,0.006,,0.212,,0.109,0.043,,,,,,,0.438,0.117,,,,,,,,,0.268,,,0.23,,0.25,,0.89,0.026,0.752,0.33,0.706,0.35,0.0,0.0,,,,,,,,,,,
S515,,,,0.106,,0.32,,0.249,0.403,,,,,,,0.709,0.317,,,,,,,,,0.288,,,0.038,,0.698,,0.128,0.0,0.318,0.396,0.746,0.352,0.046,0.024,,,,,,,,,,,
S516,,,,0.0,,0.398,,0.409,0.397,,,,,,,0.596,0.272,,,,,,,,,0.312,,,0.0,,0.674,,0.0,0.0,0.206,0.642,0.522,0.738,0.17,0.0,,,,,,,,,,,
C337,,,,0.19,,0.354,,0.367,0.241,,,,,,,0.505,0.283,,,,,,,,,0.34,,,0.0,,0.798,,0.0,0.074,0.08,0.708,0.41,0.698,0.04,0.0,,,,,,,,,,,
S518,,,,,,0.648,,0.269,0.215,,,,,,,0.358,0.214,,,,,,,,,0.374,,,0.0,,0.0,,0.376,0.0,0.076,0.42,0.358,0.32,0.0,0.0,,,,,,,,,,,
S519,,,,0.0,,0.624,,0.254,0.295,,,,,,,0.449,0.202,,,,,,,,,0.078,,,0.064,,0.576,,0.054,0.0,0.068,0.636,0.68,0.578,0.0,0.0,,,,,,,,,,,
S520,,,,0.0,,0.478,,0.413,0.239,,,,,,,0.456,0.342,,,,,,,,,0.282,,,0.086,,0.61,,0.176,0.008,0.096,0.528,0.534,0.618,0.158,0.0,,,,,,,,,,,
S521,,,,0.074,,0.512,,0.74,0.234,,,,,,,0.356,0.446,,,,,,,,,0.26,,,0.036,,0.244,,0.534,0.0,0.386,0.524,0.884,0.272,0.0,0.0,,,,,,,,,,,
S523,,,,0.01,,0.79,,0.001,0.179,,,,,,,0.0,0.523,,,,,,,,,0.242,,,0.0,,0.83,,0.702,0.0,0.174,0.672,0.256,0.426,0.0,0.0,,,,,,,,,,,
S524,,,,0.202,,0.222,,0.244,0.412,,,,,,,0.268,0.267,,,,,,,,,0.078,,,0.128,,0.77,,0.246,0.0,0.066,0.696,0.586,0.422,0.032,0.034,,,,,,,,,,,
C344,,,,0.026,,0.128,,0.382,0.381,,,,,,,0.404,0.219,,,,,,,,,0.0,,,0.172,,0.798,,0.326,0.0,0.09,0.704,0.486,0.492,0.09,0.0,,,,,,,,,,,
S525,,,,,,,,,,,,,,,,,,,,,,,,,,0.852,,,,,,,0.694,0.0,,,,,,,,,,,,,,,,,
S526,,,,0.482,,0.348,,0.418,0.19,,,,,,,0.594,0.475,,,,,,,,,0.476,,,0.204,,0.386,,0.954,0.0,0.448,,0.724,0.508,0.146,0.0,,,,,,,,,,,
S608,,,,0.606,,0.576,,0.131,0.381,,,,,,,0.089,0.271,,,,,,,,,0.662,,,0.022,,0.944,,0.07,0.084,0.098,0.566,0.178,0.812,0.116,0.0,,,,,,,,,,,
S527,,,,0.004,,0.118,,0.025,0.077,,,,,,,0.38,0.051,,,,,,,,,0.134,,,0.046,,0.03,,0.704,0.0,0.236,0.194,0.212,0.586,0.018,0.0,,,,,,,,,,,
S528,,,,0.0,,0.476,,0.023,0.367,,,,,,,0.891,0.147,,,,,,,,,0.376,,,0.16,,0.612,,0.794,0.0,0.104,0.446,0.586,0.536,0.016,0.0,,,,,,,,,,,
C349,,,,0.002,,0.024,,0.0,0.058,,,,,,,0.196,0.143,,,,,,,,,0.038,,,0.0,,0.778,,0.0,0.0,0.05,0.48,0.228,0.4,0.0,0.0,,,,,,,,,,,
S529,,,,0.024,,0.046,,0.0,0.023,,,,,,,0.259,0.137,,,,,,,,,0.022,,,0.0,,0.778,,0.0,0.0,0.054,0.576,0.236,0.56,0.0,0.0,,,,,,,,,,,
S530,,,,0.256,,0.53,,0.074,0.286,,,,,,,0.231,0.562,,,,,,,,,0.13,,,0.04,,0.82,,0.418,0.0,,0.656,0.496,0.626,0.0,0.0,,,,,,,,,,,
S531,,,,0.0,,0.44,,0.522,0.479,,,,,,,0.607,0.057,,,,,,,,,0.218,,,0.102,,0.914,,0.454,0.0,0.172,0.756,0.898,0.748,0.0,0.0,,,,,,,,,,,
S533,,,,0.216,,0.656,,0.32,0.344,,,,,,,0.508,0.25,,,,,,,,,0.49,,,0.152,,0.832,,0.238,,0.124,0.514,0.088,0.712,0.0,0.0,,,,,,,0.58,,,,
S534,,,,0.0,,0.578,,0.142,0.079,,,,,,,0.254,0.064,,,,,,,,,0.426,,,0.0,,0.894,,0.024,,0.088,0.66,0.356,0.626,0.0,0.0,,,,,,,0.572,,,,
S535,,,,0.374,,0.23,,0.788,0.129,,,,,,,0.466,0.174,,,,,,,,,0.376,,,0.506,,0.374,,0.79,,0.068,0.362,0.37,0.424,0.0,0.0,,,,,,,0.486,,,,
S536,,,,0.0,,0.206,,0.22,0.246,,,,,,,0.498,0.072,,,,,,,,,0.292,,,0.348,,0.272,,0.71,,0.26,0.182,0.69,0.34,0.232,0.0,,,,,,,0.134,,,,
S609,,,,0.334,,0.77,,0.748,0.439,,,,,,,0.34,0.056,,,,,,,,,0.528,,,0.522,,0.68,,0.688,,0.564,0.198,0.688,0.564,0.012,0.0,,,,,,,0.658,,,,
S538,,,,0.0,,0.784,,0.32,0.386,,,,,,,0.272,0.176,,,,,,,,,0.286,,,0.0,,0.764,,0.0,,0.366,0.67,0.582,0.278,0.098,0.124,,,,,,,0.744,,,,
S539,,,,0.0,,0.77,,0.236,0.428,,,,,,,0.356,0.072,,,,,,,,,0.584,,,0.216,,0.74,,0.138,,0.346,0.668,0.346,0.938,0.262,0.194,,,,,,,0.796,,,,
S540,,,,0.238,,0.476,,0.33,0.222,,,,,,,0.308,0.168,,,,,,,,,0.436,,,0.306,,0.9,,0.07,,0.054,0.688,0.626,0.506,0.0,0.0,,,,,,,0.458,,,,
S610,,,,0.0,,0.626,,0.484,0.33,,,,,,,0.334,0.2,,,,,,,,,0.364,,,0.3,,0.894,,0.17,,0.064,0.772,0.392,0.592,0.0,0.0,,,,,,,0.596,,,,
S611,,,,0.0,,0.402,,0.034,0.075,,,,,,,0.326,0.632,,,,,,,,,0.772,,,0.802,,0.752,,0.008,,0.058,0.634,0.47,0.556,0.0,0.0,,,,,,,0.358,,,,
C455,,,,,0.782,0.792,,0.676,0.555,,,,,,,0.482,0.394,,,,,,,0.672,,0.468,,,0.038,,0.746,,0.374,,,0.828,0.154,0.846,,,,,,,,,,0.862,0.302,0.192,0.414
S612,,,,0.256,,0.436,,,0.506,,,,,,,0.548,0.046,,,,,,,,,0.386,,,0.354,,0.26,,0.954,,0.326,0.638,0.542,0.196,0.07,0.048,,,,,,,0.108,,,,
S613,,,,0.242,,0.248,,0.552,0.2,,,,,,,0.484,0.134,,,,,,,,,0.212,,,0.316,,0.242,,0.638,,0.172,0.408,0.288,0.554,0.044,0.0,,,,,,,0.252,,,,
S543,,,,,,,,,,,,,,,,,,,,,,,,,,0.006,,,,,,,0.954,,,,,,,,,,,,,,0.168,,,,
S544,,,,0.636,,0.068,,0.954,0.476,,,,,,,0.292,0.01,,,,,,,,,0.928,,,0.894,,0.358,,0.588,,0.508,0.222,0.778,0.002,0.0,0.076,,,,,,,0.774,,,,
S545,,,,0.028,,0.23,,0.392,0.332,,,,,,,0.344,0.03,,,,,,,,,0.102,,,0.26,,0.44,,0.44,,0.122,0.416,0.536,0.344,0.0,0.0,,,,,,,0.358,,,,
C396,,,,0.026,,0.346,,0.182,0.206,,,,,,,0.256,0.038,,,,,,,,,0.104,,,0.0,,0.572,,0.18,,0.228,0.454,0.704,0.478,0.0,0.0,,,,,,,0.12,,,,
S546,,,,0.0,,0.262,,0.348,0.254,,,,,,,0.406,0.41,,,,,,,,,0.036,,,0.0,,0.422,,0.378,,0.128,0.526,0.274,0.676,0.0,0.002,,,,,,,0.208,,,,
C417,,,,0.0,,0.016,,0.436,0.116,,,,,,,0.232,0.028,,,,,,,,,0.098,,,0.002,,0.504,,0.41,,0.418,0.336,0.486,0.586,0.182,0.112,,,,,,,0.158,,,,
C583,,,,,,,,,,,,,,,,,,,,,,,,,,0.084,,,,,,,0.35,,,,,,,,,,,,,,0.248,,,,
C587,,,,,,,,,,,,,,,,,,,,,,,,,,0.223,,,,,,,0.421,,,,,,,0.172,,,,,,,0.293,,0.2,0.2,
C588,,,,,,,,,,,,,,,,,,,,,,,,,,0.0,,,,,,,0.832,,,,,,,,,,,,,,0.226,,,,
C420,,,,0.0,0.581,0.282,,0.22,0.288,,,,,,,0.36,0.062,,,,,,,,,0.178,,,0.14,,0.568,,0.138,,,0.462,0.388,0.542,,0.066,,,,,,,0.44,0.756,0.214,0.198,
S547,,,,0.954,,0.0,,0.954,0.477,,,,,,,0.0,0.0,,,,,,,,,0.954,,,0.954,,0.0,,0.786,,0.424,0.164,0.954,0.0,0.0,0.0,,,,,,,0.954,,,,
S614,,,,0.202,,0.754,,0.282,0.351,,,,,,,0.342,0.238,,,,,,,,,0.418,,,0.26,,0.622,,0.362,,0.0,0.842,0.854,0.622,0.0,0.0,,,,,,,0.788,,,,
C412,,,,0.0,,0.0,,0.204,0.165,,,,,,,0.0,0.262,,,,,,,,,0.0,,,0.0,,0.0,,0.936,,0.096,0.67,0.216,0.652,0.0,0.0,,,,,,,0.0,,,,
C368,,,,0.0,,0.544,,0.252,0.387,,,,,,,0.31,0.138,,,,,,,,,0.246,,,0.25,,0.68,,0.372,,0.07,0.7,0.778,0.692,0.192,0.04,,,,,,,0.508,,,,
C371,,,,0.298,,0.482,,0.716,0.577,,,,,,,0.238,0.002,,,,,,,,,0.37,,,0.356,,0.74,,,,0.2,0.702,0.368,0.85,0.012,0.0,,,,,,,0.66,,,,
C486,,,,0.068,0.429,0.35,,0.21,0.205,,,,,,,0.514,0.18,,,,,,,0.23,,0.192,,,0.044,,0.466,,0.778,,,0.574,0.236,0.954,,,,,,,,,,0.632,0.2,0.358,0.28
S548,,,,,,,,,,,,,,,,,,,,,,,,,,0.604,,,,,,,0.536,,,,,,,,,,,,,,0.868,,,,
S549,,,,0.0,,0.342,,0.0,0.004,,,,,,,0.29,0.0,,,,,,,,,0.232,,,0.168,,0.464,,0.69,,0.178,0.45,0.218,0.49,0.146,0.04,,,,,,,0.37,,,,
S550,,,,0.0,,0.57,,0.458,0.267,,,,,,,0.558,0.356,,,,,,,,,0.438,,,0.354,,0.71,,0.362,,0.414,0.568,0.41,0.434,0.002,0.0,,,,,,,0.398,,,,
S551,,,,0.0,,0.464,,0.408,0.431,,,,,,,0.402,0.162,,,,,,,,,0.026,,,0.29,,0.66,,0.276,,0.088,0.488,0.49,0.714,0.0,0.0,,,,,,,0.52,,,,
S552,,,,0.026,,0.282,,0.292,0.181,,,,,,,0.312,0.0,,,,,,,,,0.224,,,0.482,,0.638,,0.292,,0.226,0.954,0.502,0.512,0.0,0.0,,,,,,,0.48,,,,
S553,,,,,,,,,,,,,,,,,,,,,,,,,,0.202,,,,,,,0.808,,,,,,,,,,,,,,0.388,,,,
S554,,,,0.146,,0.632,,0.138,0.07,,,,,,,0.332,0.414,,,,,,,,,0.042,,,0.08,,0.872,,0.544,,0.232,0.8,0.272,0.432,0.0,0.138,,,,,,,0.628,,,,
S555,,,,0.0,,0.47,,0.168,0.014,,,,,,,0.288,0.218,,,,,,,,,0.0,,,0.102,,0.0,,0.954,,0.362,0.62,0.294,0.398,0.178,0.0,,,,,,,0.41,,,,
C435,,,,0.072,0.079,0.214,,0.25,0.058,,,,,,,0.24,0.0,,,,,,,,,0.326,,,0.182,,0.118,,0.41,,,0.474,0.366,0.594,,0.0,,,,,,,0.402,0.504,0.246,0.0,
C462,,,,0.0,0.485,0.526,,0.392,0.359,,,,,,,0.528,0.186,,,,,,,0.414,,0.31,,,0.17,,0.578,,0.524,,,0.572,0.326,0.532,,,,,,,,,,0.718,0.194,0.28,0.152
C473,,,,0.0,0.326,0.254,,0.18,0.296,,,,,,,0.27,0.214,,,,,,,0.392,,0.176,,,0.022,,0.724,,0.44,,,0.726,0.64,0.766,,,,,,,,,,0.562,0.158,0.138,0.396
S556,,,,0.0,,0.592,,0.364,0.129,,,,,,,0.406,0.032,,,,,,,,,0.286,,,0.376,,0.948,,0.0,,0.196,0.54,0.322,0.754,0.0,0.0,,,,,,,0.626,,,,
S557,,,,,,,,,,,,,,,,,,,,,,,,,,0.09,,,,,,,0.954,,,,,,,,,,,,,,0.302,,,,
S558,,,,,,,,,,,,,,,,,,,,,,,,,,0.454,,,,,,,0.92,,,,,,,,,,,,,,0.58,,,,
C380,,,,0.404,,0.402,,0.36,0.049,,,,,,,0.328,0.0,,,,,,,,,0.29,,,0.314,,0.458,,0.916,,0.42,0.454,0.0,0.078,0.136,0.084,,,,,,,0.602,,,,
C581,,,,,,,,,,,,,,,,,,,,,,,,,,0.346,,,,,,,0.862,,,,,,,,,,,,,,0.356,,,,
C589,,,,,,,,,,,,,,,,,,,,,,,,0.104,,0.05,,,,,,,0.786,,,,,,,0.0,,,,,,,,,0.238,0.0,0.104
S559,,,,0.114,,0.486,,0.478,0.375,,,,,,,0.432,0.278,,,,,,,,,0.0,,,0.0,,0.774,,0.574,,0.43,0.806,0.524,0.23,0.102,0.0,,,,,,,0.542,,,,
S560,,,,,,,,,,,,,,,,,,,,,,,,,,0.308,,,,,,,0.954,,,,,,,,,,,,,,0.504,,,,
C383,,,,0.0,,0.356,,0.214,0.178,,,,,,,0.348,0.12,,,,,,,,,0.208,,,0.0,,0.862,,0.326,,0.092,0.554,0.432,0.678,0.052,0.0,,,,,,,0.518,,,,
S561,,,,0.16,,0.58,,0.0,0.0,,,,,,,0.038,0.036,,,,,,,,,0.124,,,0.1,,0.166,,0.858,,0.252,0.642,0.0,0.08,0.336,0.0,,,,,,,0.546,,,,
S562,,,,0.0,,,,,,,,,,,,,0.0,,,,,,,,,0.0,,,0.028,,,,0.53,,0.228,0.798,0.534,,0.0,0.0,,,,,,,0.45,,,,
C386,,,,0.086,,0.306,,0.374,0.198,,,,,,,0.444,0.014,,,,,,,,,0.182,,,0.334,,0.896,,0.526,,0.066,0.646,0.226,0.686,0.0,0.0,,,,,,,0.398,,,,
C388,,,,,,0.496,,0.44,0.36,,,,,,,0.5,0.234,,,,,,,,,0.0,,,0.036,,0.54,,0.468,,0.082,0.586,0.39,0.588,0.0,0.022,,,,,,,0.21,,,,
C391,,,,0.128,,0.292,,0.238,0.256,,,,,,,0.456,0.0,,,,,,,,,0.086,,,0.13,,0.954,,0.626,,0.1,0.676,0.32,0.558,0.142,0.28,,,,,,,0.26,,,,
C392,,,,0.0,,0.438,,0.398,0.304,,,,,,,0.556,0.006,,,,,,,,,,,,0.03,,0.954,,0.62,,0.768,0.69,0.672,0.698,0.07,0.044,,,,,,,0.524,,,,
S563,,,,0.006,,0.796,,0.404,0.344,,,,,,,0.432,0.19,,,,,,,,,0.326,,,0.0,,0.854,,0.25,,0.198,0.622,0.232,0.542,0.0,0.0,,,,,,,0.618,,,,
S564,,,,0.364,,,,0.698,0.153,,,,,,,0.748,0.354,,,,,,,,,,,,0.0,,0.582,,0.762,,0.418,0.892,0.522,0.234,0.384,0.574,,,,,,,0.376,,,,
S565,,,,0.0,,0.194,,0.044,0.184,,,,,,,0.242,0.006,,,,,,,,,0.048,,,0.014,,0.942,,0.678,,0.086,0.498,0.292,0.722,0.0,0.0,,,,,,,0.0,,,,
S566,,,,,,0.368,,0.45,0.006,,,,,,,0.642,0.034,,,,,,,,,,,,,,0.562,,,,0.034,0.148,0.152,0.572,0.0,0.156,,,,,,,,,,,
C394,,,,0.008,,0.38,,0.0,0.091,,,,,,,0.306,0.034,,,,,,,,,0.21,,,0.118,,0.574,,0.58,,0.076,0.406,0.098,0.644,0.0,0.0,,,,,,,0.294,,,,
C582,,,,,,,,,,,,,,,,,,,,,,,,,,0.046,,,,,,,0.826,,,,,,,,,,,,,,0.238,,,,
C398,,,,,,,,,,,,,,,,,,,,,,,,,,0.072,,,,,,,0.776,,,,,,,,,,,,,,0.16,,,,
C400,,,,0.01,,0.174,,0.146,0.093,,,,,,,0.54,0.176,,,,,,,,,0.14,,,0.104,,0.466,,0.606,,0.082,0.23,0.122,0.73,0.0,0.0,,,,,,,0.272,,,,
S568,,,,0.0,,0.668,,0.452,0.351,,,,,,,0.336,0.452,,,,,,,,,0.212,,,0.368,,0.888,,0.126,,0.308,0.588,0.618,0.492,0.0,0.0,,,,,,,0.566,,,,
S569,,,,,,0.318,,0.294,0.288,,,,,,,0.354,0.388,,,,,,,,,0.708,,,0.042,,0.856,,0.0,,0.076,0.744,0.28,0.798,0.068,0.0,,,,,,,0.226,,,,
S570,,,,0.0,,0.16,,0.0,0.042,,,,,,,0.0,0.692,,,,,,,,,0.128,,,0.076,,0.658,,0.526,,0.078,0.614,0.264,0.376,0.0,0.0,,,,,,,0.232,,,,
C402,,,,0.0,,0.412,,0.512,,,,,,,,0.73,,,,,,,,,,0.128,,,0.194,,0.436,,0.954,,0.144,,0.084,0.322,0.228,0.0,,,,,,,0.424,,,,
C452,,,,0.094,0.608,0.334,,0.224,0.321,,,,,,,0.478,0.148,,,,,,,0.172,,0.208,,,0.142,,0.574,,0.5,,,0.514,0.336,0.55,,0.0,,,,,,,,0.902,0.258,0.0,0.17
C401,,,,0.034,,0.014,,0.062,0.269,,,,,,,0.7,0.23,,,,,,,,,0.254,,,0.284,,0.22,,0.954,,0.272,0.34,,0.86,0.0,0.126,,,,,,,0.18,,,,
S571,,,,0.19,,0.532,,0.168,,,,,,,,0.63,,,,,,,,,,0.456,,,0.372,,0.424,,0.954,,0.322,,0.22,0.522,0.318,0.252,,,,,,,0.506,,,,
S616,,,,0.21,,0.162,,0.162,0.085,,,,,,,,0.0,,,,,,,,,0.352,,,0.38,,0.0,,0.816,,0.258,0.854,0.188,0.72,0.0,0.0,,,,,,,0.278,,,,
C405,,,,0.0,,0.32,,0.244,0.233,,,,,,,0.372,0.006,,,,,,,,,0.0,,,0.022,,0.936,,0.0,,0.136,0.608,0.632,0.728,0.0,0.018,,,,,,,0.436,,,,
S572,,,,0.0,,0.52,,0.796,0.308,,,,,,,0.284,0.006,,,,,,,,,0.212,,,0.036,,0.736,,0.382,,0.554,0.448,0.676,0.776,0.0,0.0,,,,,,,0.566,,,,
C407,,,,0.154,,0.552,,0.508,0.397,,,,,,,0.376,0.006,,,,,,,,,0.448,,,0.344,,0.802,,,,0.282,0.55,0.43,0.758,0.066,0.0,,,,,,,0.61,,,,
S573,,,,0.206,,0.0,,0.0,0.485,,,,,,,0.0,0.0,,,,,,,,,0.58,,,0.154,,0.072,,0.954,,0.198,0.444,0.138,0.0,0.0,0.0,,,,,,,0.332,,,,
C451,,,,0.0,0.153,0.0,,0.002,0.059,,,,,,,0.274,0.416,,,,,,,0.0,,0.0,,,0.04,,0.026,,0.272,,,0.626,0.47,0.516,,0.0,,,,,,,,0.596,0.176,0.032,0.034
C413,,,,,,0.75,,0.79,0.678,,,,,,,0.45,0.568,,,,,,,,,0.954,,,,,0.954,,0.954,,0.892,0.818,0.726,0.954,0.076,0.0,,,,,,,0.954,,,,
S575,,,,0.05,,0.676,,0.774,0.456,,,,,,,0.324,0.0,,,,,,,,,0.122,,,0.0,,0.728,,0.532,,0.25,0.39,0.178,0.712,0.0,0.0,,,,,,,0.152,,,,
S617,,,,0.198,,0.68,,0.55,0.605,,,,,,,0.246,0.112,,,,,,,,,0.576,,,0.114,,0.954,,0.194,,0.556,0.566,0.718,0.562,0.0,0.046,,,,,,,0.658,,,,
S618,,,,0.04,,0.596,,0.52,0.393,,,,,,,0.378,0.226,,,,,,,,,0.278,,,0.0,,0.866,,0.0,,0.178,0.686,0.33,0.646,0.358,0.202,,,,,,,0.624,,,,
S576,,,,0.0,,0.0,,0.954,0.347,,,,,,,0.374,0.0,,,,,,,,,0.258,,,0.016,,,,0.72,,0.262,0.13,0.05,0.56,0.0,0.178,,,,,,,0.148,,,,
S577,,,,0.084,,0.0,,0.954,0.394,,,,,,,0.268,0.644,,,,,,,,,0.014,,,0.106,,0.4,,0.75,,0.32,0.642,0.028,0.892,0.504,0.004,,,,,,,0.254,,,,
S579,,,,,,,,,,,,,,,,,,,,,,,,,,0.178,,,,,,,0.764,,,,,,,,,,,,,,0.472,,,,
C586,,,,,,,,,,,,,,,,,,,,,,,,,,0.23,,,,,,,0.126,,,,,,,,,,,,,,0.588,,,,
C421,,,,0.096,0.323,0.422,,0.194,0.28,,,,,,,0.412,0.07,,,,,,,,,0.294,,,0.32,,0.314,,0.416,,,0.588,0.566,0.57,,0.0,,,,,,,0.548,0.954,0.258,0.188,
C436,,,,0.028,0.647,0.538,,0.16,0.276,,,,,,,0.396,0.246,,,,,,,0.372,,0.184,,,0.0,,0.448,,0.146,,,0.666,0.402,0.872,,0.004,,,,,,,,0.7,0.256,0.0,0.396
C423,,,,0.024,0.267,0.394,,0.22,0.343,,,,,,,0.252,0.02,,,,,,,,,0.134,,,0.1,,0.428,,0.75,,,0.434,0.14,0.568,,0.0,,,,,,,0.3,0.766,0.232,0.0,
C424,,,,0.11,0.414,0.364,,0.148,0.216,,,,,,,0.608,0.088,,,,,,,,,0.42,,,0.212,,0.53,,0.748,,,0.276,0.446,0.468,,0.0,,,,,,,0.442,0.814,0.278,0.3,
C426,,,,0.0,0.01,0.09,,0.0,0.156,,,,,,,0.166,0.308,,,,,,,,,0.0,,,0.098,,0.652,,0.772,,,0.814,0.138,0.602,,0.608,,,,,,,0.132,0.502,0.086,0.142,
C468,,,,0.0,0.077,0.158,,0.0,0.234,,,,,,,0.17,0.268,,,,,,,0.47,,0.0,,,0.146,,0.832,,0.84,,,0.696,0.0,0.514,,,,,,,,,,0.734,0.132,0.682,0.14
C425,,,,0.416,0.914,0.758,,0.522,0.0,,,,,,,0.38,0.842,,,,,,,,,0.454,,,0.184,,0.83,,0.838,,,0.874,0.604,0.002,,0.076,,,,,,,0.494,0.426,0.226,0.256,
C427,,,,0.04,0.847,0.662,,0.574,0.376,,,,,,,0.594,0.222,,,,,,,,,0.31,,,0.062,,0.768,,0.218,,,0.762,0.484,0.692,,0.044,,,,,,,0.574,0.826,0.242,0.016,
C443,,,,0.158,0.45,0.236,,0.046,0.163,,,,,,,0.818,0.104,,,,,,,0.306,,0.4,,,0.306,,0.366,,0.954,,,0.0,0.344,0.954,,0.0,,,,,,,,0.954,0.286,0.25,0.316
C428,,,,0.0,0.566,0.602,,0.0,0.269,,,,,,,0.264,0.502,,,,,,,,,0.128,,,0.104,,0.532,,0.41,,,0.848,0.576,0.876,,0.0,,,,,,,0.79,0.858,0.182,0.286,
C434,,,,0.0,0.178,0.316,,0.17,0.103,,,,,,,0.324,0.144,,,,,,,,,0.298,,,0.1,,0.28,,0.392,,,0.452,0.422,0.784,,0.0,,,,,,,0.52,0.286,0.24,0.014,
C433,,,,0.0,0.0,0.232,,0.0,0.013,,,,,,,0.052,0.43,,,,,,,,,0.18,,,0.114,,0.056,,0.774,,,0.954,0.246,0.854,,0.0,,,,,,,0.096,0.708,0.394,0.0,
C429,,,,0.0,0.254,0.0,,0.344,0.344,,,,,,,0.44,0.074,,,,,,,,,0.05,,,0.0,,0.768,,0.088,,,0.77,0.514,0.954,,0.204,,,,,,,0.28,0.844,0.154,0.0,
C430,,,,0.0,0.778,0.022,,0.25,0.21,,,,,,,0.262,0.126,,,,,,,,,0.548,,,0.058,,0.52,,0.066,,,0.592,0.086,0.946,,0.0,,,,,,,0.05,0.534,0.232,0.156,
C431,,,,0.194,0.453,0.7,,0.342,0.344,,,,,,,0.21,0.0,,,,,,,,,0.658,,,0.248,,0.584,,0.728,,,0.484,0.718,0.88,,0.0,,,,,,,0.672,0.812,0.662,0.0,
C432,,,,0.09,0.722,0.488,,0.218,0.202,,,,,,,0.464,0.194,,,,,,,,,0.39,,,0.0,,0.648,,0.162,,,0.746,0.626,0.882,,0.0,,,,,,,0.488,0.844,0.276,0.0,
C496,,,,0.116,0.442,0.664,,0.412,0.081,,,,,,,0.354,0.114,,,,,,,0.196,,0.158,,,0.04,,0.0,,0.852,,,0.5,,0.952,,,,,,,,,,0.0,0.326,0.0,0.176
C437,,,,0.02,0.382,0.148,,0.0,0.354,,,,,,,0.212,0.272,,,,,,,0.076,,0.394,,,0.08,,0.81,,0.196,,,0.75,0.366,0.8,,0.0,,,,,,,,0.636,0.184,0.0,0.132
C438,,,,0.0,0.505,0.696,,0.226,0.708,,,,,,,0.348,0.396,,,,,,,0.376,,0.686,,,0.02,,0.74,,0.172,,,0.464,0.0,0.888,,0.0,,,,,,,,0.508,0.158,0.194,0.512
C439,,,,0.03,0.712,0.666,,0.138,0.613,,,,,,,0.498,0.158,,,,,,,,,0.116,,,0.146,,0.51,,0.352,,,0.872,0.616,0.822,,0.586,,,,,,,0.626,0.424,0.316,0.51,
C590,,,,,,,,,,,,,,,,,,,,,,,,0.0,,0.566,,,,,,,0.46,,,,,,,0.0,,,,,,,,,0.4,0.278,
C440,,,,,0.098,0.0,,0.954,0.282,,,,,,,0.648,0.574,,,,,,,0.866,,0.586,,,0.582,,0.374,,0.59,,,0.232,0.072,0.954,,0.0,,,,,,,,0.288,0.506,0.356,0.156
C591,,,,,,,,,,,,,,,,,,,,,,,,0.38,,0.154,,,,,,,0.264,,,,,,,0.0,,,,,,,,,0.21,0.026,0.406
C453,,,,0.104,0.679,0.776,,0.476,0.607,,,,,,,0.51,0.464,,,,,,,0.342,,0.334,,,0.228,,0.678,,0.256,,,0.906,0.514,0.932,,0.0,,,,,,,,0.804,0.26,0.0,0.3
C441,,,,0.01,0.385,0.394,,0.132,0.289,,,,,,,0.378,0.046,,,,,,,0.106,,,,,0.1,,0.822,,0.184,,,0.832,0.532,0.872,,0.002,,,,,,,,0.918,0.252,0.0,0.112
C442,,,,0.0,0.184,0.184,,0.0,0.175,,,,,,,0.26,0.322,,,,,,,0.182,,0.07,,,0.116,,0.454,,0.894,,,0.586,0.27,0.892,,0.0,,,,,,,,0.61,0.142,0.254,0.238
C444,,,,0.018,0.432,0.344,,0.22,0.274,,,,,,,0.48,0.09,,,,,,,0.274,,,,,0.654,,0.582,,0.188,,,0.48,0.854,0.826,,0.0,,,,,,,,0.852,0.12,0.136,0.714
C446,,,,0.432,0.193,0.012,,0.914,0.087,,,,,,,0.954,0.054,,,,,,,0.0,,0.674,,,0.588,,0.862,,0.008,,,0.0,0.29,0.0,,0.2,,,,,,,,0.374,0.196,0.114,0.4
C447,,,,0.002,0.481,0.432,,0.07,0.096,,,,,,,0.0,0.058,,,,,,,0.256,,0.074,,,0.0,,0.332,,0.06,,,0.466,0.222,0.874,,0.0,,,,,,,,0.86,0.22,0.0,0.394
C445,,,,0.148,0.074,0.0,,0.73,0.163,,,,,,,0.858,0.648,,,,,,,0.766,,0.358,,,0.764,,0.116,,0.818,,,0.17,0.16,0.954,,0.01,,,,,,,,0.758,0.766,0.0,0.068
C448,,,,0.014,0.84,0.644,,0.51,0.326,,,,,,,0.64,0.242,,,,,,,0.41,,0.094,,,0.408,,0.492,,0.566,,,0.744,0.146,0.658,,0.0,,,,,,,,0.862,0.218,0.192,0.05
C449,,,,0.042,0.882,0.798,,0.628,0.488,,,,,,,0.516,0.166,,,,,,,0.322,,0.416,,,0.346,,0.61,,0.412,,,0.908,0.564,0.828,,0.0,,,,,,,,0.954,0.214,0.0,0.166
C450,,,,0.12,0.343,0.43,,0.022,0.524,,,,,,,0.2,0.386,,,,,,,0.314,,0.494,,,0.59,,0.81,,0.176,,,0.582,0.4,0.832,,0.0,,,,,,,,0.432,0.196,,0.342
C489,,,,0.276,,0.944,,0.944,,,,,,,,0.912,,,,,,,,0.498,,0.652,,,0.058,,0.54,,0.642,,,,0.596,0.66,,,,,,,,,,0.714,0.424,0.21,0.21
C454,,,,0.0,0.248,0.242,,0.0,0.247,,,,,,,0.126,0.096,,,,,,,0.068,,0.28,,,0.0,,0.746,,0.046,,,0.776,0.086,0.926,,0.0,,,,,,,,0.662,0.234,0.0,0.112
C456,,,,0.014,0.56,0.37,,0.21,0.227,,,,,,,0.406,0.304,,,,,,,0.276,,0.15,,,0.09,,0.6,,0.21,,,0.71,0.53,0.948,,0.012,,,,,,,,0.848,0.186,0.212,0.246
C469,,,,0.604,0.272,0.646,,0.542,0.356,,,,,,,0.208,0.0,,,,,,,0.538,,0.592,,,0.578,,0.454,,0.834,,,0.442,0.0,0.0,,,,,,,,,,0.276,0.244,0.0,0.0
C470,,,,0.0,0.653,0.6,,0.532,0.341,,,,,,,0.458,0.1,,,,,,,0.424,,0.374,,,0.266,,0.542,,0.588,,,0.58,0.164,0.476,,,,,,,,,,0.628,0.198,0.264,0.06
C595,,,,,,,,,,,,,,,,,,,,,,,,0.028,,0.184,,,,,,,0.088,,,,,,,,,,,,,,,,0.138,0.064,0.08
C457,,,,,,,,,,,,,,,,,,,,,,,,,,0.55,,,,,,,0.928,,,,,,,,,,,,,,,,0.328,0.0,0.0
C458,,,,0.348,0.205,0.626,,0.366,0.003,,,,,,,0.388,0.0,,,,,,,0.548,,0.454,,,0.232,,0.446,,0.464,,,0.464,0.0,0.002,,,,,,,,,,0.262,0.31,0.156,0.0
C459,,,,0.166,0.717,0.404,,0.446,0.253,,,,,,,0.278,0.386,,,,,,,0.44,,0.62,,,0.34,,,,0.312,,,0.648,0.194,0.384,,,,,,,,,,0.934,0.284,0.306,0.322
C460,,,,0.338,0.199,0.38,,0.328,0.01,,,,,,,0.852,0.236,,,,,,,0.416,,0.448,,,0.288,,0.516,,0.686,,,0.31,0.018,0.246,,,,,,,,,,0.716,0.186,0.0,0.006
C461,,,,0.41,0.623,0.676,,0.582,0.429,,,,,,,0.47,0.12,,,,,,,0.466,,0.484,,,0.382,,0.69,,0.65,,,0.876,0.152,0.466,,,,,,,,,,0.648,0.284,0.234,0.134
C464,,,,0.0,0.808,0.494,,0.416,0.268,,,,,,,0.332,0.178,,,,,,,0.304,,0.48,,,0.188,,0.478,,0.234,,,0.72,0.336,0.356,,,,,,,,,,0.62,0.202,0.138,0.062
C465,,,,0.296,0.852,0.376,,0.362,0.402,,,,,,,0.0,0.394,,,,,,,0.256,,0.548,,,0.168,,0.382,,0.154,,,0.68,0.258,0.356,,,,,,,,,,0.892,0.212,0.22,0.114
C463,,,,0.0,0.459,0.24,,0.206,0.361,,,,,,,0.406,0.066,,,,,,,0.28,,0.264,,,0.132,,0.462,,0.24,,,0.782,0.584,0.628,,,,,,,,,,0.846,0.196,0.0,0.244
C466,,,,0.0,0.566,0.106,,0.26,0.139,,,,,,,0.426,0.058,,,,,,,0.194,,0.23,,,0.066,,0.53,,0.128,,,0.584,0.398,0.616,,,,,,,,,,0.746,0.106,0.074,0.138
C467,,,,0.19,0.305,0.268,,0.174,0.08,,,,,,,0.232,0.058,,,,,,,0.21,,0.262,,,0.232,,0.438,,0.846,,,0.676,0.446,0.42,,,,,,,,,,0.576,0.276,0.294,0.012
C491,,,,0.188,0.783,0.576,,0.602,0.384,,,,,,,0.684,0.222,,,,,,,0.218,,0.514,,,0.182,,0.576,,0.55,,,0.76,0.248,0.842,,,,,,,,,,0.798,0.356,0.084,0.31
C497,,,,0.194,0.688,0.636,,0.536,0.475,,,,,,,0.61,0.304,,,,,,,0.34,,0.482,,,0.168,,0.606,,0.312,,,0.676,0.194,0.95,,,,,,,,,,0.892,0.232,0.256,0.126
C471,,,,0.134,0.202,0.354,,0.26,0.006,,,,,,,0.168,0.048,,,,,,,0.328,,0.06,,,0.174,,0.332,,0.846,,,0.546,0.412,0.658,,,,,,,,,,0.646,0.186,0.048,0.044
C472,,,,0.0,0.064,0.192,,0.0,0.032,,,,,,,0.374,0.004,,,,,,,0.19,,0.054,,,0.044,,0.0,,0.308,,,0.434,0.122,0.706,,,,,,,,,,0.666,0.108,0.092,0.012
C474,,,,0.046,0.445,0.454,,0.094,0.422,,,,,,,0.248,0.316,,,,,,,0.342,,0.124,,,0.138,,0.768,,0.532,,,0.712,0.252,0.794,,,,,,,,,,0.898,0.192,0.358,0.346
C475,,,,0.04,0.363,0.522,,0.194,0.254,,,,,,,0.106,0.108,,,,,,,0.36,,0.096,,,0.044,,0.706,,0.554,,,0.706,0.23,0.866,,,,,,,,,,0.876,0.262,0.0,0.402
C476,,,,0.0,0.349,0.438,,0.248,0.197,,,,,,,0.29,0.006,,,,,,,0.208,,0.048,,,0.072,,0.364,,0.348,,,0.632,0.194,0.554,,,,,,,,,,0.678,0.162,0.0,0.106
C488,,,,0.09,0.749,0.39,,0.572,0.316,,,,,,,0.584,0.094,,,,,,,0.398,,0.428,,,0.106,,,,0.506,,,0.684,0.108,0.954,,,,,,,,,,0.812,0.282,0.168,0.34
C477,,,,0.0,0.1,0.594,,0.174,0.076,,,,,,,0.326,0.0,,,,,,,0.206,,0.18,,,0.014,,0.606,,0.474,,,0.908,0.2,0.242,,,,,,,,,,0.73,0.142,0.106,0.0
C478,,,,0.0,0.0,0.318,,0.074,0.056,,,,,,,0.238,0.02,,,,,,,0.128,,0.056,,,0.0,,0.242,,0.324,,,0.466,0.37,0.268,,,,,,,,,,0.604,0.134,0.0,0.002
C483,,,,0.16,0.46,0.372,,0.344,0.247,,,,,,,0.47,0.188,,,,,,,0.388,,0.242,,,0.002,,0.376,,0.298,,,0.564,0.4,0.766,,,,,,,,,,0.62,0.158,0.0,0.194
C592,,,,,,,,,,,,,,,,,,,,,,,,0.348,,0.56,,,,,,,0.418,,,,,,,,,,,,,,,,0.198,0.228,0.202
C479,,,,0.0,0.715,0.744,,0.422,0.596,,,,,,,0.486,0.376,,,,,,,0.256,,0.738,,,0.258,,0.73,,0.398,,,0.73,0.26,0.784,,,,,,,,,,0.244,0.198,0.282,0.136
C480,,,,0.0,0.375,0.452,,0.256,0.381,,,,,,,0.208,0.09,,,,,,,0.174,,0.262,,,0.09,,0.726,,0.248,,,0.688,0.44,0.864,,,,,,,,,,0.59,0.294,0.126,0.366
C485,,,,0.04,0.532,0.304,,0.342,0.253,,,,,,,0.474,0.288,,,,,,,0.254,,0.204,,,0.018,,0.166,,0.184,,,0.538,0.404,0.816,,,,,,,,,,0.736,0.184,0.042,0.138
C481,,,,0.0,0.887,0.676,,0.336,0.571,,,,,,,0.39,0.252,,,,,,,0.506,,0.694,,,0.026,,0.5,,0.318,,,0.69,0.516,0.862,,,,,,,,,,0.928,0.19,0.0,0.67
C482,,,,0.154,0.124,0.152,,0.452,0.044,,,,,,,0.768,0.312,,,,,,,0.354,,0.344,,,0.072,,0.0,,0.808,,,0.666,0.07,0.95,,,,,,,,,,0.944,0.428,0.078,0.266
C484,,,,0.044,0.0,0.25,,0.002,0.077,,,,,,,0.218,0.14,,,,,,,0.106,,0.036,,,0.0,,0.624,,0.922,,,0.46,0.082,0.924,,,,,,,,,,0.74,0.132,0.0,0.152
C487,,,,0.654,,,,,,,,,,,,,,,,,,,,,,0.946,,,0.284,,,,0.954,,,,0.104,,,,,,,,,,,0.216,0.8,0.348,0.178
C490,,,,0.108,0.151,0.578,,0.0,0.239,,,,,,,0.544,0.078,,,,,,,0.3,,0.246,,,0.122,,0.512,,0.386,,,0.626,0.636,0.83,,,,,,,,,,0.916,0.262,0.0,0.164
C492,,,,0.034,0.315,0.396,,0.314,0.193,,,,,,,0.584,0.142,,,,,,,0.3,,0.208,,,0.024,,0.682,,0.062,,,0.712,0.45,0.666,,,,,,,,,,0.824,0.182,0.33,0.21
C493,,,,0.28,0.004,0.27,,0.288,0.039,,,,,,,0.398,0.1,,,,,,,0.336,,0.242,,,0.038,,0.184,,0.64,,,0.292,0.03,0.806,,,,,,,,,,0.702,0.068,0.214,0.068
C593,,,,,,,,,,,,,,,,,,,,,,,,,,0.354,,,,,,,0.428,,,,,,,,,,,,,,,,0.282,0.338,
C494,,,,0.116,0.0,0.418,,0.138,0.19,,,,,,,0.902,0.306,,,,,,,0.16,,0.472,,,0.218,,0.748,,0.954,,,0.864,0.14,0.858,,,,,,,,,,0.856,0.28,0.208,0.164
C495,,,,0.204,0.0,0.65,,0.0,0.022,,,,,,,0.6,0.394,,,,,,,0.234,,0.266,,,0.06,,0.0,,0.384,,,0.954,0.392,0.658,,,,,,,,,,0.58,0.106,0.0,0.022
C498,,,,0.0,0.294,0.368,,0.158,0.071,,,,,,,0.356,0.014,,,,,,,0.062,,0.012,,,0.0,,0.644,,0.534,,,0.362,0.0,0.658,,,,,,,,,,0.784,0.224,0.0,0.01
C499,,,,0.008,0.267,0.212,,0.186,0.248,,,,,,,0.348,0.11,,,,,,,0.338,,0.076,,,0.054,,0.558,,0.204,,,0.49,0.262,0.82,,,,,,,,,,0.732,0.176,0.05,0.352
C500,,,,0.016,0.231,0.184,,0.106,0.088,,,,,,,0.284,0.086,,,,,,,0.318,,0.078,,,0.09,,0.534,,0.19,,,0.422,0.302,0.812,,,,,,,,,,0.798,0.13,0.0,0.322
C594,,,,,,,,,,,,,,,,,,,,,,,,0.064,,0.046,,,,,,,0.0,,,,,,,,,,,,,,,,0.37,0.0,0.002
C501,,,,0.0,0.421,0.662,,0.2,0.327,,,,,,,0.428,0.57,,,,,,,0.312,,0.324,,,0.0,,0.77,,0.092,,,0.754,0.218,0.61,,,,,,,,,,0.612,0.174,0.108,0.37
C502,,,,0.002,0.036,0.514,,0.0,0.331,,,,,,,0.408,0.046,,,,,,,0.0,,0.0,,,0.0,,0.954,,0.0,,,0.118,0.0,0.186,,,,,,,,,,0.702,0.884,0.0,0.0
C503,,,,0.006,0.656,0.482,,0.306,0.339,,,,,,,0.55,0.398,,,,,,,0.378,,0.342,,,0.0,,0.576,,0.238,,,0.814,0.202,0.896,,,,,,,,,,0.81,0.22,0.0,0.432
HC1,,,,,,,,,,,,,,,,,,,,,,,,,,,,,,,,,,,,,,,,,,,,,,,,,,,
HC2,,,,,,,,,,,,,,,,,,,,,,,,,,,,,,,,,,,,,,,,,,,,,,,,,,,
HC3,,,,,,,,,,,,,,,,,,,,,,,,,,,,,,,,,,,,,,,,,,,,,,,,,,,
HC4,,,,,,,,,,,,,,,,,,,,,,,,,,,,,,,,,,,,,,,,,,,,,,,,,,,
